[
{
    "model": "admin.logentry",
    "pk": 1,
    "fields": {
        "action_time": "2024-10-25T12:30:47.768Z",
        "user": 1,
        "content_type": 7,
        "object_id": "8",
        "object_repr": "Tarea object (8)",
        "action_flag": 2,
        "change_message": "[{\"changed\": {\"fields\": [\"Descripcion\"]}}]"
    }
},
{
    "model": "admin.logentry",
    "pk": 2,
    "fields": {
        "action_time": "2024-10-25T12:30:57.664Z",
        "user": 1,
        "content_type": 7,
        "object_id": "15",
        "object_repr": "Tarea object (15)",
        "action_flag": 2,
        "change_message": "[{\"changed\": {\"fields\": [\"Descripcion\"]}}]"
    }
},
{
    "model": "admin.logentry",
    "pk": 3,
    "fields": {
        "action_time": "2024-10-25T12:32:00.093Z",
        "user": 1,
        "content_type": 7,
        "object_id": "9",
        "object_repr": "Tarea object (9)",
        "action_flag": 2,
        "change_message": "[{\"changed\": {\"fields\": [\"Descripcion\"]}}]"
    }
},
{
    "model": "admin.logentry",
    "pk": 4,
    "fields": {
        "action_time": "2024-10-25T12:35:41.494Z",
        "user": 1,
        "content_type": 11,
        "object_id": "16",
        "object_repr": "Usuario object (16)",
        "action_flag": 1,
        "change_message": "[{\"added\": {}}]"
    }
},
{
    "model": "auth.permission",
    "pk": 1,
    "fields": {
        "name": "Can add log entry",
        "content_type": 1,
        "codename": "add_logentry"
    }
},
{
    "model": "auth.permission",
    "pk": 2,
    "fields": {
        "name": "Can change log entry",
        "content_type": 1,
        "codename": "change_logentry"
    }
},
{
    "model": "auth.permission",
    "pk": 3,
    "fields": {
        "name": "Can delete log entry",
        "content_type": 1,
        "codename": "delete_logentry"
    }
},
{
    "model": "auth.permission",
    "pk": 4,
    "fields": {
        "name": "Can view log entry",
        "content_type": 1,
        "codename": "view_logentry"
    }
},
{
    "model": "auth.permission",
    "pk": 5,
    "fields": {
        "name": "Can add permission",
        "content_type": 2,
        "codename": "add_permission"
    }
},
{
    "model": "auth.permission",
    "pk": 6,
    "fields": {
        "name": "Can change permission",
        "content_type": 2,
        "codename": "change_permission"
    }
},
{
    "model": "auth.permission",
    "pk": 7,
    "fields": {
        "name": "Can delete permission",
        "content_type": 2,
        "codename": "delete_permission"
    }
},
{
    "model": "auth.permission",
    "pk": 8,
    "fields": {
        "name": "Can view permission",
        "content_type": 2,
        "codename": "view_permission"
    }
},
{
    "model": "auth.permission",
    "pk": 9,
    "fields": {
        "name": "Can add group",
        "content_type": 3,
        "codename": "add_group"
    }
},
{
    "model": "auth.permission",
    "pk": 10,
    "fields": {
        "name": "Can change group",
        "content_type": 3,
        "codename": "change_group"
    }
},
{
    "model": "auth.permission",
    "pk": 11,
    "fields": {
        "name": "Can delete group",
        "content_type": 3,
        "codename": "delete_group"
    }
},
{
    "model": "auth.permission",
    "pk": 12,
    "fields": {
        "name": "Can view group",
        "content_type": 3,
        "codename": "view_group"
    }
},
{
    "model": "auth.permission",
    "pk": 13,
    "fields": {
        "name": "Can add user",
        "content_type": 4,
        "codename": "add_user"
    }
},
{
    "model": "auth.permission",
    "pk": 14,
    "fields": {
        "name": "Can change user",
        "content_type": 4,
        "codename": "change_user"
    }
},
{
    "model": "auth.permission",
    "pk": 15,
    "fields": {
        "name": "Can delete user",
        "content_type": 4,
        "codename": "delete_user"
    }
},
{
    "model": "auth.permission",
    "pk": 16,
    "fields": {
        "name": "Can view user",
        "content_type": 4,
        "codename": "view_user"
    }
},
{
    "model": "auth.permission",
    "pk": 17,
    "fields": {
        "name": "Can add content type",
        "content_type": 5,
        "codename": "add_contenttype"
    }
},
{
    "model": "auth.permission",
    "pk": 18,
    "fields": {
        "name": "Can change content type",
        "content_type": 5,
        "codename": "change_contenttype"
    }
},
{
    "model": "auth.permission",
    "pk": 19,
    "fields": {
        "name": "Can delete content type",
        "content_type": 5,
        "codename": "delete_contenttype"
    }
},
{
    "model": "auth.permission",
    "pk": 20,
    "fields": {
        "name": "Can view content type",
        "content_type": 5,
        "codename": "view_contenttype"
    }
},
{
    "model": "auth.permission",
    "pk": 21,
    "fields": {
        "name": "Can add session",
        "content_type": 6,
        "codename": "add_session"
    }
},
{
    "model": "auth.permission",
    "pk": 22,
    "fields": {
        "name": "Can change session",
        "content_type": 6,
        "codename": "change_session"
    }
},
{
    "model": "auth.permission",
    "pk": 23,
    "fields": {
        "name": "Can delete session",
        "content_type": 6,
        "codename": "delete_session"
    }
},
{
    "model": "auth.permission",
    "pk": 24,
    "fields": {
        "name": "Can view session",
        "content_type": 6,
        "codename": "view_session"
    }
},
{
    "model": "auth.permission",
    "pk": 25,
    "fields": {
        "name": "Can add tarea",
        "content_type": 7,
        "codename": "add_tarea"
    }
},
{
    "model": "auth.permission",
    "pk": 26,
    "fields": {
        "name": "Can change tarea",
        "content_type": 7,
        "codename": "change_tarea"
    }
},
{
    "model": "auth.permission",
    "pk": 27,
    "fields": {
        "name": "Can delete tarea",
        "content_type": 7,
        "codename": "delete_tarea"
    }
},
{
    "model": "auth.permission",
    "pk": 28,
    "fields": {
        "name": "Can view tarea",
        "content_type": 7,
        "codename": "view_tarea"
    }
},
{
    "model": "auth.permission",
    "pk": 29,
    "fields": {
        "name": "Can add asignacion",
        "content_type": 8,
        "codename": "add_asignacion"
    }
},
{
    "model": "auth.permission",
    "pk": 30,
    "fields": {
        "name": "Can change asignacion",
        "content_type": 8,
        "codename": "change_asignacion"
    }
},
{
    "model": "auth.permission",
    "pk": 31,
    "fields": {
        "name": "Can delete asignacion",
        "content_type": 8,
        "codename": "delete_asignacion"
    }
},
{
    "model": "auth.permission",
    "pk": 32,
    "fields": {
        "name": "Can view asignacion",
        "content_type": 8,
        "codename": "view_asignacion"
    }
},
{
    "model": "auth.permission",
    "pk": 33,
    "fields": {
        "name": "Can add etiqueta",
        "content_type": 9,
        "codename": "add_etiqueta"
    }
},
{
    "model": "auth.permission",
    "pk": 34,
    "fields": {
        "name": "Can change etiqueta",
        "content_type": 9,
        "codename": "change_etiqueta"
    }
},
{
    "model": "auth.permission",
    "pk": 35,
    "fields": {
        "name": "Can delete etiqueta",
        "content_type": 9,
        "codename": "delete_etiqueta"
    }
},
{
    "model": "auth.permission",
    "pk": 36,
    "fields": {
        "name": "Can view etiqueta",
        "content_type": 9,
        "codename": "view_etiqueta"
    }
},
{
    "model": "auth.permission",
    "pk": 37,
    "fields": {
        "name": "Can add comentario",
        "content_type": 10,
        "codename": "add_comentario"
    }
},
{
    "model": "auth.permission",
    "pk": 38,
    "fields": {
        "name": "Can change comentario",
        "content_type": 10,
        "codename": "change_comentario"
    }
},
{
    "model": "auth.permission",
    "pk": 39,
    "fields": {
        "name": "Can delete comentario",
        "content_type": 10,
        "codename": "delete_comentario"
    }
},
{
    "model": "auth.permission",
    "pk": 40,
    "fields": {
        "name": "Can view comentario",
        "content_type": 10,
        "codename": "view_comentario"
    }
},
{
    "model": "auth.permission",
    "pk": 41,
    "fields": {
        "name": "Can add usuario",
        "content_type": 11,
        "codename": "add_usuario"
    }
},
{
    "model": "auth.permission",
    "pk": 42,
    "fields": {
        "name": "Can change usuario",
        "content_type": 11,
        "codename": "change_usuario"
    }
},
{
    "model": "auth.permission",
    "pk": 43,
    "fields": {
        "name": "Can delete usuario",
        "content_type": 11,
        "codename": "delete_usuario"
    }
},
{
    "model": "auth.permission",
    "pk": 44,
    "fields": {
        "name": "Can view usuario",
        "content_type": 11,
        "codename": "view_usuario"
    }
},
{
    "model": "auth.permission",
    "pk": 45,
    "fields": {
        "name": "Can add proyecto",
        "content_type": 12,
        "codename": "add_proyecto"
    }
},
{
    "model": "auth.permission",
    "pk": 46,
    "fields": {
        "name": "Can change proyecto",
        "content_type": 12,
        "codename": "change_proyecto"
    }
},
{
    "model": "auth.permission",
    "pk": 47,
    "fields": {
        "name": "Can delete proyecto",
        "content_type": 12,
        "codename": "delete_proyecto"
    }
},
{
    "model": "auth.permission",
    "pk": 48,
    "fields": {
        "name": "Can view proyecto",
        "content_type": 12,
        "codename": "view_proyecto"
    }
},
{
    "model": "auth.user",
    "pk": 1,
    "fields": {
        "password": "pbkdf2_sha256$870000$6SdtS6L9CBPjZdNnO5HjKM$fXwGarzDbaH4sPxEAP7NwvmBpJyY/F3HlqTIXISIVME=",
        "last_login": "2024-10-25T12:30:09.671Z",
        "is_superuser": true,
        "username": "usuario",
        "first_name": "",
        "last_name": "",
        "email": "",
        "is_staff": true,
        "is_active": true,
        "date_joined": "2024-10-25T12:29:42.536Z",
        "groups": [],
        "user_permissions": []
    }
},
{
    "model": "contenttypes.contenttype",
    "pk": 1,
    "fields": {
        "app_label": "admin",
        "model": "logentry"
    }
},
{
    "model": "contenttypes.contenttype",
    "pk": 2,
    "fields": {
        "app_label": "auth",
        "model": "permission"
    }
},
{
    "model": "contenttypes.contenttype",
    "pk": 3,
    "fields": {
        "app_label": "auth",
        "model": "group"
    }
},
{
    "model": "contenttypes.contenttype",
    "pk": 4,
    "fields": {
        "app_label": "auth",
        "model": "user"
    }
},
{
    "model": "contenttypes.contenttype",
    "pk": 5,
    "fields": {
        "app_label": "contenttypes",
        "model": "contenttype"
    }
},
{
    "model": "contenttypes.contenttype",
    "pk": 6,
    "fields": {
        "app_label": "sessions",
        "model": "session"
    }
},
{
    "model": "contenttypes.contenttype",
    "pk": 7,
    "fields": {
        "app_label": "ejercicio",
        "model": "tarea"
    }
},
{
    "model": "contenttypes.contenttype",
    "pk": 8,
    "fields": {
        "app_label": "ejercicio",
        "model": "asignacion"
    }
},
{
    "model": "contenttypes.contenttype",
    "pk": 9,
    "fields": {
        "app_label": "ejercicio",
        "model": "etiqueta"
    }
},
{
    "model": "contenttypes.contenttype",
    "pk": 10,
    "fields": {
        "app_label": "ejercicio",
        "model": "comentario"
    }
},
{
    "model": "contenttypes.contenttype",
    "pk": 11,
    "fields": {
        "app_label": "ejercicio",
        "model": "usuario"
    }
},
{
    "model": "contenttypes.contenttype",
    "pk": 12,
    "fields": {
        "app_label": "ejercicio",
        "model": "proyecto"
    }
},
{
    "model": "sessions.session",
    "pk": "v8meqnbmfe48eh52gktqtybnbauxqtpv",
    "fields": {
        "session_data": ".eJxVjE0OwiAYRO_C2hDAFsSl-56BfD8gVQNJaVfGu0uTLnQzi3lv5i0CbGsOW4tLmFlchRan3w6BnrHsgB9Q7lVSLesyo9wVedAmp8rxdTvcv4MMLfe1H7xiZXvEZJyjaBX76BInJDfCCNANg1onOPNASOQAyRhlCS6okvh8Af3yORk:1t4JSD:xA0ggnQTrHVPk73VJ26LLqChfON9IljRiPvPlpUPcxg",
        "expire_date": "2024-11-08T12:30:09.694Z"
    }
},
{
    "model": "ejercicio.usuario",
    "pk": 1,
    "fields": {
        "nombre": "Enough million number community get.",
        "correo": "colleenwiggins@example.com",
        "password": "Fill agreement Mrs support.",
        "fecha_registro": "2024-10-25T12:27:59.900Z"
    }
},
{
    "model": "ejercicio.usuario",
    "pk": 2,
    "fields": {
        "nombre": "Economy star I add. Instead sea up word money.",
        "correo": "holmesjacob@example.com",
        "password": "Then performance away.",
        "fecha_registro": "2024-10-25T12:27:59.900Z"
    }
},
{
    "model": "ejercicio.usuario",
    "pk": 3,
    "fields": {
        "nombre": "General common watch simple threat.",
        "correo": "jacksonjessica@example.com",
        "password": "Ready soon wall.",
        "fecha_registro": "2024-10-25T12:27:59.900Z"
    }
},
{
    "model": "ejercicio.usuario",
    "pk": 4,
    "fields": {
        "nombre": "Away manager determine.",
        "correo": "xlevy@example.com",
        "password": "Me out whatever should tough.",
        "fecha_registro": "2024-10-25T12:27:59.900Z"
    }
},
{
    "model": "ejercicio.usuario",
    "pk": 5,
    "fields": {
        "nombre": "Senior score see teach western memory.",
        "correo": "slee@example.com",
        "password": "Energy fire soldier keep.",
        "fecha_registro": "2024-10-25T12:27:59.900Z"
    }
},
{
    "model": "ejercicio.usuario",
    "pk": 6,
    "fields": {
        "nombre": "Bag bit main drop. Family moment news.",
        "correo": "kevinmiller@example.net",
        "password": "Agree break yourself.",
        "fecha_registro": "2024-10-25T12:27:59.900Z"
    }
},
{
    "model": "ejercicio.usuario",
    "pk": 7,
    "fields": {
        "nombre": "List institution magazine sea level enough hair.",
        "correo": "corybrewer@example.net",
        "password": "Best year look like.",
        "fecha_registro": "2024-10-25T12:27:59.900Z"
    }
},
{
    "model": "ejercicio.usuario",
    "pk": 8,
    "fields": {
        "nombre": "Choice conference local.",
        "correo": "schwartzjamie@example.org",
        "password": "Purpose rock base.",
        "fecha_registro": "2024-10-25T12:27:59.900Z"
    }
},
{
    "model": "ejercicio.usuario",
    "pk": 9,
    "fields": {
        "nombre": "Seek audience though trip everything high.",
        "correo": "jacobsondrew@example.org",
        "password": "Coach able price however.",
        "fecha_registro": "2024-10-25T12:27:59.900Z"
    }
},
{
    "model": "ejercicio.usuario",
    "pk": 10,
    "fields": {
        "nombre": "Whether least wide one series attention.",
        "correo": "ucastillo@example.com",
        "password": "Case fish eight.",
        "fecha_registro": "2024-10-25T12:27:59.900Z"
    }
},
{
    "model": "ejercicio.usuario",
    "pk": 11,
    "fields": {
        "nombre": "Challenge year good remember account idea.",
        "correo": "jessicasantana@example.net",
        "password": "Without various hotel feel.",
        "fecha_registro": "2024-10-25T12:27:59.900Z"
    }
},
{
    "model": "ejercicio.usuario",
    "pk": 12,
    "fields": {
        "nombre": "Chance beyond law young son character cup.",
        "correo": "brittanymooney@example.org",
        "password": "Add really garden something.",
        "fecha_registro": "2024-10-25T12:27:59.900Z"
    }
},
{
    "model": "ejercicio.usuario",
    "pk": 13,
    "fields": {
        "nombre": "Technology represent yourself each final down.",
        "correo": "david95@example.org",
        "password": "If interest remain interview.",
        "fecha_registro": "2024-10-25T12:27:59.900Z"
    }
},
{
    "model": "ejercicio.usuario",
    "pk": 14,
    "fields": {
        "nombre": "Or positive thus like court.",
        "correo": "brobbins@example.net",
        "password": "Fact tax hit party.",
        "fecha_registro": "2024-10-25T12:27:59.900Z"
    }
},
{
    "model": "ejercicio.usuario",
    "pk": 15,
    "fields": {
        "nombre": "Billion will dog member nothing.",
        "correo": "kgreene@example.org",
        "password": "She fight painting condition.",
        "fecha_registro": "2024-10-25T12:27:59.900Z"
    }
},
{
    "model": "ejercicio.usuario",
    "pk": 16,
    "fields": {
        "nombre": "Pepito de los palotes",
        "correo": "pepe@correo.org",
        "password": "6",
        "fecha_registro": "2024-10-25T12:35:26Z"
    }
},
{
    "model": "ejercicio.proyecto",
    "pk": 1,
    "fields": {
        "nombre": "Mind with measure rest.",
        "descripcion": "Task mention black seven bed such small. Admit commercial situation admit. Whose cup owner also would.\nWish listen ball minute off. Resource prove letter write husband task beat.",
        "duracion_estimada": 0.9270479196109805,
        "fecha_inicio": "1988-03-01",
        "fecha_finalizacion": "2021-01-01",
        "administrador": 10,
        "colaboradores": [
            1
        ]
    }
},
{
    "model": "ejercicio.proyecto",
    "pk": 2,
    "fields": {
        "nombre": "Smile voice teach.",
        "descripcion": "Argue lawyer total reduce nature door check important. Physical agreement loss. Area defense hundred lose feel probably general.",
        "duracion_estimada": 0.47916995285842556,
        "fecha_inicio": "1993-11-08",
        "fecha_finalizacion": "1972-08-01",
        "administrador": 14,
        "colaboradores": [
            3,
            13
        ]
    }
},
{
    "model": "ejercicio.proyecto",
    "pk": 3,
    "fields": {
        "nombre": "Rest dark strategy husband.",
        "descripcion": "Tree language peace expert prove magazine anyone interview. Discuss buy adult join finish may alone political.",
        "duracion_estimada": 0.5848774785614389,
        "fecha_inicio": "1980-01-30",
        "fecha_finalizacion": "2002-10-19",
        "administrador": 13,
        "colaboradores": [
            6,
            7
        ]
    }
},
{
    "model": "ejercicio.proyecto",
    "pk": 4,
    "fields": {
        "nombre": "Leader concern idea change.",
        "descripcion": "Manager already appear off collection. Behind what another each mission we trade. Shoulder show policy skin hour behavior series.",
        "duracion_estimada": 0.8384819942052643,
        "fecha_inicio": "2016-06-02",
        "fecha_finalizacion": "2004-03-06",
        "administrador": 10,
        "colaboradores": [
            4,
            7,
            14
        ]
    }
},
{
    "model": "ejercicio.proyecto",
    "pk": 5,
    "fields": {
        "nombre": "Hope magazine drug not laugh.",
        "descripcion": "Step your available from theory position soldier husband. Exactly always agent event factor cup. Your specific whether close happy whole again together.",
        "duracion_estimada": 0.7426424723917048,
        "fecha_inicio": "2007-07-22",
        "fecha_finalizacion": "1978-09-21",
        "administrador": 3,
        "colaboradores": [
            14
        ]
    }
},
{
    "model": "ejercicio.proyecto",
    "pk": 6,
    "fields": {
        "nombre": "Identify who American cover strong hair.",
        "descripcion": "Notice painting point ball they whose fish. Congress next girl. These hold sing.\nDiscussion sign take air reality offer. Week soon our design great teach key.",
        "duracion_estimada": 0.9906308720960317,
        "fecha_inicio": "2004-10-30",
        "fecha_finalizacion": "1977-06-01",
        "administrador": 13,
        "colaboradores": [
            6,
            14
        ]
    }
},
{
    "model": "ejercicio.proyecto",
    "pk": 7,
    "fields": {
        "nombre": "Third central find money walk design case.",
        "descripcion": "Term out thousand you scientist. By establish send husband believe radio around. General little article technology become ready star.",
        "duracion_estimada": 0.9778825845490504,
        "fecha_inicio": "1983-11-22",
        "fecha_finalizacion": "1996-03-04",
        "administrador": 8,
        "colaboradores": [
            11
        ]
    }
},
{
    "model": "ejercicio.proyecto",
    "pk": 8,
    "fields": {
        "nombre": "Four assume nature party thousand system huge.",
        "descripcion": "Structure front work answer word appear participant. Threat positive position owner. Old never finish all loss size forward.\nAdmit medical purpose option. Such food person and determine president.",
        "duracion_estimada": 0.6727755235986287,
        "fecha_inicio": "2020-12-19",
        "fecha_finalizacion": "2011-08-22",
        "administrador": 2,
        "colaboradores": [
            2,
            4,
            5,
            11
        ]
    }
},
{
    "model": "ejercicio.proyecto",
    "pk": 9,
    "fields": {
        "nombre": "Air sign star simply.",
        "descripcion": "Others matter opportunity quality. Particularly when edge pressure town always.\nKey thank wrong item agent I. Pull rate think box. Seek back author hand late.",
        "duracion_estimada": 0.6327627071821368,
        "fecha_inicio": "2003-02-28",
        "fecha_finalizacion": "1998-11-28",
        "administrador": 8,
        "colaboradores": [
            9,
            10,
            13,
            15
        ]
    }
},
{
    "model": "ejercicio.proyecto",
    "pk": 10,
    "fields": {
        "nombre": "Cost over house focus lay blue.",
        "descripcion": "Line loss drive throw soon road ago. Wide hand fish alone.\nPerson now huge responsibility. Collection both bar resource heart guess upon among. Know enter hair whole.",
        "duracion_estimada": 0.6979422426530095,
        "fecha_inicio": "2000-07-13",
        "fecha_finalizacion": "2014-11-06",
        "administrador": 13,
        "colaboradores": [
            8
        ]
    }
},
{
    "model": "ejercicio.proyecto",
    "pk": 11,
    "fields": {
        "nombre": "Ahead little turn help.",
        "descripcion": "Expert also would. Single training history general bit wonder.\nCare perhaps when arrive. Wide matter everything peace American. Sea many real wind process ready.",
        "duracion_estimada": 0.8965372056407493,
        "fecha_inicio": "2023-03-31",
        "fecha_finalizacion": "2011-06-16",
        "administrador": 7,
        "colaboradores": [
            3
        ]
    }
},
{
    "model": "ejercicio.proyecto",
    "pk": 12,
    "fields": {
        "nombre": "Word less should paper. Personal collection or.",
        "descripcion": "Arrive six concern billion. Feel find two avoid yet daughter.\nNeed professional development hit. System southern practice true.",
        "duracion_estimada": 0.15574327916958708,
        "fecha_inicio": "2007-08-24",
        "fecha_finalizacion": "1974-04-25",
        "administrador": 5,
        "colaboradores": [
            8
        ]
    }
},
{
    "model": "ejercicio.proyecto",
    "pk": 13,
    "fields": {
        "nombre": "Interest movie institution table.",
        "descripcion": "Us indicate lose something practice father. Bad information executive manage.",
        "duracion_estimada": 0.6233053403697654,
        "fecha_inicio": "1993-02-25",
        "fecha_finalizacion": "1986-05-08",
        "administrador": 10,
        "colaboradores": [
            11
        ]
    }
},
{
    "model": "ejercicio.proyecto",
    "pk": 14,
    "fields": {
        "nombre": "Generation like sure husband water.",
        "descripcion": "Make music we upon nice. Yet television above read when become doctor. Result provide career others yes. By discussion happy early inside clear herself.",
        "duracion_estimada": 0.624679888756961,
        "fecha_inicio": "2024-04-13",
        "fecha_finalizacion": "2008-10-27",
        "administrador": 11,
        "colaboradores": [
            5,
            9
        ]
    }
},
{
    "model": "ejercicio.proyecto",
    "pk": 15,
    "fields": {
        "nombre": "Find question these here direction radio.",
        "descripcion": "College fish stand sure office so. Such return challenge officer. Management participant center personal.\nBuy including long day sense analysis. Tell affect worry dinner line into write.",
        "duracion_estimada": 0.6786648607567534,
        "fecha_inicio": "1976-12-02",
        "fecha_finalizacion": "1988-01-26",
        "administrador": 14,
        "colaboradores": [
            1,
            13,
            15
        ]
    }
},
{
    "model": "ejercicio.tarea",
    "pk": 1,
    "fields": {
        "titulo": "Skin hundred pay change teacher station put.",
        "descripcion": "Reality various effort discuss. The issue cover now our thing new.\nUpon ahead century game despite quickly history fine. Light arm bit protect. Day eye chance find morning action whole.",
        "prioridad": -10010,
        "estado": "PE",
        "completada": false,
        "fecha_creacion": "2024-02-27",
        "hora_vencimiento": "13:45:47",
        "creador": 7,
        "proyecto": 8
    }
},
{
    "model": "ejercicio.tarea",
    "pk": 2,
    "fields": {
        "titulo": "Coach discuss war.",
        "descripcion": "Green create ground student budget catch pattern. Generation less your available within.\nFirm act economic return nature. Media others try first hand family main. Century I by member.",
        "prioridad": 27024,
        "estado": "PE",
        "completada": false,
        "fecha_creacion": "2014-03-02",
        "hora_vencimiento": "19:54:06",
        "creador": 9,
        "proyecto": 2
    }
},
{
    "model": "ejercicio.tarea",
    "pk": 3,
    "fields": {
        "titulo": "Shake government speech phone seem.",
        "descripcion": "Picture major such professor father. It teacher road less. Bill remember it he. Deep break above white ready.",
        "prioridad": 21455,
        "estado": "PE",
        "completada": false,
        "fecha_creacion": "2003-06-09",
        "hora_vencimiento": "01:16:48",
        "creador": 5,
        "proyecto": 9
    }
},
{
    "model": "ejercicio.tarea",
    "pk": 4,
    "fields": {
        "titulo": "Describe stand notice sing.",
        "descripcion": "Able finally manager bring. Work cover north.\nPosition bring other author role process score. Box fire direction third.\nStrong air strategy nothing exist stand.",
        "prioridad": 14932,
        "estado": "PE",
        "completada": true,
        "fecha_creacion": "2008-10-20",
        "hora_vencimiento": "00:06:09",
        "creador": 8,
        "proyecto": 15
    }
},
{
    "model": "ejercicio.tarea",
    "pk": 5,
    "fields": {
        "titulo": "Policy popular half world indeed.",
        "descripcion": "Suggest machine total cell. Young rather simple likely most key. Television here talk picture see upon least.\nSeat energy head hit hope. House research factor light building court.",
        "prioridad": 5530,
        "estado": "PE",
        "completada": false,
        "fecha_creacion": "1973-02-11",
        "hora_vencimiento": "15:55:39",
        "creador": 12,
        "proyecto": 7
    }
},
{
    "model": "ejercicio.tarea",
    "pk": 6,
    "fields": {
        "titulo": "Blood my heart rise give.",
        "descripcion": "Boy government general war. Involve institution attorney nearly country experience while stock.\nDuring trip wide hundred. Buy method service send cost even to.",
        "prioridad": -26221,
        "estado": "PE",
        "completada": true,
        "fecha_creacion": "1985-09-23",
        "hora_vencimiento": "09:27:01",
        "creador": 6,
        "proyecto": 4
    }
},
{
    "model": "ejercicio.tarea",
    "pk": 7,
    "fields": {
        "titulo": "Onto treat bed list. Land exist herself threat.",
        "descripcion": "Go value eye oil vote.",
        "prioridad": -4718,
        "estado": "PE",
        "completada": true,
        "fecha_creacion": "2014-03-15",
        "hora_vencimiento": "18:59:20",
        "creador": 7,
        "proyecto": 3
    }
},
{
    "model": "ejercicio.tarea",
    "pk": 8,
    "fields": {
        "titulo": "As loss car fund along buy.",
        "descripcion": "As smile choose wblablablablaear sell. War property whole sort hotel same idea.\r\nCourt customer various paper economic. Cultural war test follow his. Interview manage agreement film.",
        "prioridad": -8753,
        "estado": "PE",
        "completada": false,
        "fecha_creacion": "1998-04-26",
        "hora_vencimiento": "12:28:38",
        "creador": 13,
        "proyecto": 1
    }
},
{
    "model": "ejercicio.tarea",
    "pk": 9,
    "fields": {
        "titulo": "Only trip move field structure talk score.",
        "descripcion": "Drive offer house happy order. Close suggest owner finally expert. Lay general realize during citizen.",
        "prioridad": -20130,
        "estado": "PE",
        "completada": false,
        "fecha_creacion": "1993-01-22",
        "hora_vencimiento": "17:11:30",
        "creador": 15,
        "proyecto": 1
    }
},
{
    "model": "ejercicio.tarea",
    "pk": 10,
    "fields": {
        "titulo": "Attention minute wait southern.",
        "descripcion": "Pull world attorney art. Experience science information listen economy take opportunity respond. More market explain nation.",
        "prioridad": -2149,
        "estado": "PE",
        "completada": false,
        "fecha_creacion": "1999-12-08",
        "hora_vencimiento": "03:29:22",
        "creador": 9,
        "proyecto": 9
    }
},
{
    "model": "ejercicio.tarea",
    "pk": 11,
    "fields": {
        "titulo": "Without develop skin study growth.",
        "descripcion": "Huge operation office might agree training. Together occur unit skin hot address receive author.\nAuthor someone form TV character history kind.",
        "prioridad": 22869,
        "estado": "PE",
        "completada": false,
        "fecha_creacion": "2013-07-13",
        "hora_vencimiento": "01:26:11",
        "creador": 7,
        "proyecto": 14
    }
},
{
    "model": "ejercicio.tarea",
    "pk": 12,
    "fields": {
        "titulo": "On large field leg.",
        "descripcion": "Door within assume plant quality join street. As man five expert.\nMust response trouble. Poor trial media care career follow detail throw. Him local value.",
        "prioridad": -1130,
        "estado": "PE",
        "completada": false,
        "fecha_creacion": "2023-02-08",
        "hora_vencimiento": "13:11:18",
        "creador": 5,
        "proyecto": 10
    }
},
{
    "model": "ejercicio.tarea",
    "pk": 13,
    "fields": {
        "titulo": "Red rather establish culture.",
        "descripcion": "Assume despite speech source guy hand interview. Teacher star stock end follow. Any anyone upon executive.",
        "prioridad": -20648,
        "estado": "PE",
        "completada": false,
        "fecha_creacion": "1972-12-31",
        "hora_vencimiento": "00:14:32",
        "creador": 14,
        "proyecto": 11
    }
},
{
    "model": "ejercicio.tarea",
    "pk": 14,
    "fields": {
        "titulo": "Same trouble whom again mean.",
        "descripcion": "Behavior create eat. Sometimes pretty exactly suffer measure report short. Report case data despite environment help word subject.",
        "prioridad": -5344,
        "estado": "PE",
        "completada": true,
        "fecha_creacion": "1985-04-15",
        "hora_vencimiento": "06:52:00",
        "creador": 12,
        "proyecto": 2
    }
},
{
    "model": "ejercicio.tarea",
    "pk": 15,
    "fields": {
        "titulo": "Safe gas level someone century.",
        "descripcion": "Somethiblablablablang establish another fast when. Center scene chance during investment. Exist own son risk.",
        "prioridad": 8088,
        "estado": "PE",
        "completada": true,
        "fecha_creacion": "2011-08-01",
        "hora_vencimiento": "17:08:15",
        "creador": 2,
        "proyecto": 5
    }
},
{
    "model": "ejercicio.etiqueta",
    "pk": 1,
    "fields": {
        "usuario": 9,
        "nombre": "Such though dinner mean close light head lay.",
        "tarea": [
            10
        ]
    }
},
{
    "model": "ejercicio.etiqueta",
    "pk": 2,
    "fields": {
        "usuario": 15,
        "nombre": "Social too adult. Drive town store budget.",
        "tarea": [
            4
        ]
    }
},
{
    "model": "ejercicio.etiqueta",
    "pk": 3,
    "fields": {
        "usuario": 1,
        "nombre": "Actually trial here seem man son always.",
        "tarea": [
            13
        ]
    }
},
{
    "model": "ejercicio.etiqueta",
    "pk": 4,
    "fields": {
        "usuario": 10,
        "nombre": "Budget medical money majority PM probably.",
        "tarea": [
            5,
            6,
            13
        ]
    }
},
{
    "model": "ejercicio.etiqueta",
    "pk": 5,
    "fields": {
        "usuario": 2,
        "nombre": "Increase within peace cold him war grow must.",
        "tarea": [
            1,
            4,
            5
        ]
    }
},
{
    "model": "ejercicio.etiqueta",
    "pk": 6,
    "fields": {
        "usuario": 10,
        "nombre": "Everyone those head card.",
        "tarea": [
            6,
            12,
            13
        ]
    }
},
{
    "model": "ejercicio.etiqueta",
    "pk": 7,
    "fields": {
        "usuario": 5,
        "nombre": "Include air American threat.",
        "tarea": [
            4,
            15
        ]
    }
},
{
    "model": "ejercicio.etiqueta",
    "pk": 8,
    "fields": {
        "usuario": 8,
        "nombre": "Others million necessary coach.",
        "tarea": [
            4
        ]
    }
},
{
    "model": "ejercicio.etiqueta",
    "pk": 9,
    "fields": {
        "usuario": 11,
        "nombre": "Strong present loss too language sport.",
        "tarea": [
            5
        ]
    }
},
{
    "model": "ejercicio.etiqueta",
    "pk": 10,
    "fields": {
        "usuario": 11,
        "nombre": "Down win better might try always.",
        "tarea": [
            1,
            10
        ]
    }
},
{
    "model": "ejercicio.etiqueta",
    "pk": 11,
    "fields": {
        "usuario": 9,
        "nombre": "Crime fight safe first data involve dinner.",
        "tarea": [
            10
        ]
    }
},
{
    "model": "ejercicio.etiqueta",
    "pk": 12,
    "fields": {
        "usuario": 2,
        "nombre": "With yourself stop common task.",
        "tarea": [
            1,
            4,
            9
        ]
    }
},
{
    "model": "ejercicio.etiqueta",
    "pk": 13,
    "fields": {
        "usuario": 15,
        "nombre": "Focus score house run dream cell.",
        "tarea": [
            4,
            6,
            14
        ]
    }
},
{
    "model": "ejercicio.etiqueta",
    "pk": 14,
    "fields": {
        "usuario": 12,
        "nombre": "Method power stock citizen cold white party.",
        "tarea": [
            11,
            12,
            14
        ]
    }
},
{
    "model": "ejercicio.etiqueta",
    "pk": 15,
    "fields": {
        "usuario": 11,
        "nombre": "Gas allow idea meet let score.",
        "tarea": [
            12,
            14
        ]
    }
},
{
    "model": "ejercicio.asignacion",
    "pk": 1,
    "fields": {
        "usuario": 8,
        "tarea": 1,
        "observaciones": "",
        "fecha_asignacion": "2024-10-25T12:28:00.227Z"
    }
},
{
    "model": "ejercicio.asignacion",
    "pk": 2,
    "fields": {
        "usuario": 8,
        "tarea": 2,
        "observaciones": "",
        "fecha_asignacion": "2024-10-25T12:28:00.243Z"
    }
},
{
    "model": "ejercicio.asignacion",
    "pk": 3,
    "fields": {
        "usuario": 4,
        "tarea": 2,
        "observaciones": "",
        "fecha_asignacion": "2024-10-25T12:28:00.244Z"
    }
},
{
    "model": "ejercicio.asignacion",
    "pk": 4,
    "fields": {
        "usuario": 11,
        "tarea": 2,
        "observaciones": "",
        "fecha_asignacion": "2024-10-25T12:28:00.247Z"
    }
},
{
    "model": "ejercicio.asignacion",
    "pk": 5,
    "fields": {
        "usuario": 15,
        "tarea": 3,
        "observaciones": "",
        "fecha_asignacion": "2024-10-25T12:28:00.257Z"
    }
},
{
    "model": "ejercicio.asignacion",
    "pk": 6,
    "fields": {
        "usuario": 3,
        "tarea": 3,
        "observaciones": "",
        "fecha_asignacion": "2024-10-25T12:28:00.258Z"
    }
},
{
    "model": "ejercicio.asignacion",
    "pk": 7,
    "fields": {
        "usuario": 9,
        "tarea": 3,
        "observaciones": "",
        "fecha_asignacion": "2024-10-25T12:28:00.259Z"
    }
},
{
    "model": "ejercicio.asignacion",
    "pk": 8,
    "fields": {
        "usuario": 5,
        "tarea": 4,
        "observaciones": "",
        "fecha_asignacion": "2024-10-25T12:28:00.268Z"
    }
},
{
    "model": "ejercicio.asignacion",
    "pk": 9,
    "fields": {
        "usuario": 2,
        "tarea": 4,
        "observaciones": "",
        "fecha_asignacion": "2024-10-25T12:28:00.269Z"
    }
},
{
    "model": "ejercicio.asignacion",
    "pk": 10,
    "fields": {
        "usuario": 13,
        "tarea": 5,
        "observaciones": "",
        "fecha_asignacion": "2024-10-25T12:28:00.278Z"
    }
},
{
    "model": "ejercicio.asignacion",
    "pk": 11,
    "fields": {
        "usuario": 2,
        "tarea": 5,
        "observaciones": "",
        "fecha_asignacion": "2024-10-25T12:28:00.279Z"
    }
},
{
    "model": "ejercicio.asignacion",
    "pk": 12,
    "fields": {
        "usuario": 15,
        "tarea": 5,
        "observaciones": "",
        "fecha_asignacion": "2024-10-25T12:28:00.280Z"
    }
},
{
    "model": "ejercicio.asignacion",
    "pk": 13,
    "fields": {
        "usuario": 2,
        "tarea": 6,
        "observaciones": "",
        "fecha_asignacion": "2024-10-25T12:28:00.290Z"
    }
},
{
    "model": "ejercicio.asignacion",
    "pk": 14,
    "fields": {
        "usuario": 13,
        "tarea": 6,
        "observaciones": "",
        "fecha_asignacion": "2024-10-25T12:28:00.291Z"
    }
},
{
    "model": "ejercicio.asignacion",
    "pk": 15,
    "fields": {
        "usuario": 8,
        "tarea": 6,
        "observaciones": "",
        "fecha_asignacion": "2024-10-25T12:28:00.292Z"
    }
},
{
    "model": "ejercicio.asignacion",
    "pk": 16,
    "fields": {
        "usuario": 3,
        "tarea": 7,
        "observaciones": "",
        "fecha_asignacion": "2024-10-25T12:28:00.301Z"
    }
},
{
    "model": "ejercicio.asignacion",
    "pk": 17,
    "fields": {
        "usuario": 1,
        "tarea": 7,
        "observaciones": "",
        "fecha_asignacion": "2024-10-25T12:28:00.302Z"
    }
},
{
    "model": "ejercicio.asignacion",
    "pk": 18,
    "fields": {
        "usuario": 15,
        "tarea": 8,
        "observaciones": "",
        "fecha_asignacion": "2024-10-25T12:28:00.312Z"
    }
},
{
    "model": "ejercicio.asignacion",
    "pk": 19,
    "fields": {
        "usuario": 14,
        "tarea": 8,
        "observaciones": "",
        "fecha_asignacion": "2024-10-25T12:28:00.313Z"
    }
},
{
    "model": "ejercicio.asignacion",
    "pk": 20,
    "fields": {
        "usuario": 12,
        "tarea": 8,
        "observaciones": "",
        "fecha_asignacion": "2024-10-25T12:28:00.314Z"
    }
},
{
    "model": "ejercicio.asignacion",
    "pk": 21,
    "fields": {
        "usuario": 8,
        "tarea": 9,
        "observaciones": "",
        "fecha_asignacion": "2024-10-25T12:28:00.324Z"
    }
},
{
    "model": "ejercicio.asignacion",
    "pk": 22,
    "fields": {
        "usuario": 2,
        "tarea": 9,
        "observaciones": "",
        "fecha_asignacion": "2024-10-25T12:28:00.324Z"
    }
},
{
    "model": "ejercicio.asignacion",
    "pk": 23,
    "fields": {
        "usuario": 7,
        "tarea": 9,
        "observaciones": "",
        "fecha_asignacion": "2024-10-25T12:28:00.325Z"
    }
},
{
    "model": "ejercicio.asignacion",
    "pk": 24,
    "fields": {
        "usuario": 12,
        "tarea": 9,
        "observaciones": "",
        "fecha_asignacion": "2024-10-25T12:28:00.326Z"
    }
},
{
    "model": "ejercicio.asignacion",
    "pk": 25,
    "fields": {
        "usuario": 15,
        "tarea": 10,
        "observaciones": "",
        "fecha_asignacion": "2024-10-25T12:28:00.336Z"
    }
},
{
    "model": "ejercicio.asignacion",
    "pk": 26,
    "fields": {
        "usuario": 10,
        "tarea": 10,
        "observaciones": "",
        "fecha_asignacion": "2024-10-25T12:28:00.337Z"
    }
},
{
    "model": "ejercicio.asignacion",
    "pk": 27,
    "fields": {
        "usuario": 13,
        "tarea": 11,
        "observaciones": "",
        "fecha_asignacion": "2024-10-25T12:28:00.346Z"
    }
},
{
    "model": "ejercicio.asignacion",
    "pk": 28,
    "fields": {
        "usuario": 11,
        "tarea": 11,
        "observaciones": "",
        "fecha_asignacion": "2024-10-25T12:28:00.347Z"
    }
},
{
    "model": "ejercicio.asignacion",
    "pk": 29,
    "fields": {
        "usuario": 10,
        "tarea": 12,
        "observaciones": "",
        "fecha_asignacion": "2024-10-25T12:28:00.356Z"
    }
},
{
    "model": "ejercicio.asignacion",
    "pk": 30,
    "fields": {
        "usuario": 5,
        "tarea": 12,
        "observaciones": "",
        "fecha_asignacion": "2024-10-25T12:28:00.357Z"
    }
},
{
    "model": "ejercicio.asignacion",
    "pk": 31,
    "fields": {
        "usuario": 11,
        "tarea": 13,
        "observaciones": "",
        "fecha_asignacion": "2024-10-25T12:28:00.366Z"
    }
},
{
    "model": "ejercicio.asignacion",
    "pk": 32,
    "fields": {
        "usuario": 2,
        "tarea": 13,
        "observaciones": "",
        "fecha_asignacion": "2024-10-25T12:28:00.367Z"
    }
},
{
    "model": "ejercicio.asignacion",
    "pk": 33,
    "fields": {
        "usuario": 15,
        "tarea": 14,
        "observaciones": "",
        "fecha_asignacion": "2024-10-25T12:28:00.377Z"
    }
},
{
    "model": "ejercicio.asignacion",
    "pk": 34,
    "fields": {
        "usuario": 6,
        "tarea": 14,
        "observaciones": "",
        "fecha_asignacion": "2024-10-25T12:28:00.378Z"
    }
},
{
    "model": "ejercicio.asignacion",
    "pk": 35,
    "fields": {
        "usuario": 7,
        "tarea": 14,
        "observaciones": "",
        "fecha_asignacion": "2024-10-25T12:28:00.378Z"
    }
},
{
    "model": "ejercicio.asignacion",
    "pk": 36,
    "fields": {
        "usuario": 1,
        "tarea": 15,
        "observaciones": "",
        "fecha_asignacion": "2024-10-25T12:28:00.387Z"
    }
},
{
    "model": "ejercicio.asignacion",
    "pk": 37,
    "fields": {
        "usuario": 5,
        "tarea": 7,
        "observaciones": "Response fact what animal. Cultural development security. Why ahead concern century agreement rule defense step. Answer state before ball way.",
        "fecha_asignacion": "2024-10-25T12:27:59.900Z"
    }
},
{
    "model": "ejercicio.asignacion",
    "pk": 38,
    "fields": {
        "usuario": 9,
        "tarea": 6,
        "observaciones": "Individual lot my benefit window sort. Ok feeling structure avoid administration summer. Site discuss themselves pretty. Every fact resource room put.",
        "fecha_asignacion": "2024-10-25T12:27:59.900Z"
    }
},
{
    "model": "ejercicio.asignacion",
    "pk": 39,
    "fields": {
        "usuario": 4,
        "tarea": 9,
        "observaciones": "Nice strategy fall here. Feel piece agent prepare eye.\nDetail technology size memory remain. Hard relationship actually. Series of rock experience.\nPositive continue moment quality boy to plant.",
        "fecha_asignacion": "2024-10-25T12:27:59.900Z"
    }
},
{
    "model": "ejercicio.asignacion",
    "pk": 40,
    "fields": {
        "usuario": 6,
        "tarea": 2,
        "observaciones": "Control even create end thousand. Road force against southern.\nMr particularly young rate bar. Other evidence offer develop century.",
        "fecha_asignacion": "2024-10-25T12:27:59.900Z"
    }
},
{
    "model": "ejercicio.asignacion",
    "pk": 41,
    "fields": {
        "usuario": 8,
        "tarea": 15,
        "observaciones": "Sound hope fight perform. Discussion sing military around treatment whom. Big material early though.\nStreet adult later strategy state I. Often speech read benefit.",
        "fecha_asignacion": "2024-10-25T12:27:59.900Z"
    }
},
{
    "model": "ejercicio.asignacion",
    "pk": 42,
    "fields": {
        "usuario": 10,
        "tarea": 6,
        "observaciones": "High room general have. Near charge magazine financial stage executive same. Rule realize seat right I though possible.\nManage often tree. Evening each account executive firm almost there.",
        "fecha_asignacion": "2024-10-25T12:27:59.900Z"
    }
},
{
    "model": "ejercicio.asignacion",
    "pk": 43,
    "fields": {
        "usuario": 6,
        "tarea": 11,
        "observaciones": "Wear partner raise majority bill. Possible leave operation machine rise relationship either. Receive that service consider stage reach water.",
        "fecha_asignacion": "2024-10-25T12:27:59.900Z"
    }
},
{
    "model": "ejercicio.asignacion",
    "pk": 44,
    "fields": {
        "usuario": 13,
        "tarea": 10,
        "observaciones": "Machine light history decision. Fill last expert. Contain account woman religious.",
        "fecha_asignacion": "2024-10-25T12:27:59.900Z"
    }
},
{
    "model": "ejercicio.asignacion",
    "pk": 45,
    "fields": {
        "usuario": 4,
        "tarea": 1,
        "observaciones": "Treat positive relate.\nNorth way sea meeting too. Interest respond group memory follow.\nPiece worker history history trade party main. Company trouble father under community any.",
        "fecha_asignacion": "2024-10-25T12:27:59.900Z"
    }
},
{
    "model": "ejercicio.asignacion",
    "pk": 46,
    "fields": {
        "usuario": 6,
        "tarea": 1,
        "observaciones": "Pretty view account leader various.\nHospital carry man cold little. Particularly pay project certain.\nHis fall statement goal ever street often. Get school air mind.",
        "fecha_asignacion": "2024-10-25T12:27:59.900Z"
    }
},
{
    "model": "ejercicio.asignacion",
    "pk": 47,
    "fields": {
        "usuario": 11,
        "tarea": 2,
        "observaciones": "Say stock phone not executive result. Several beyond large candidate fear next account listen. Director through behavior.\nRepresent mouth story all something meet. Eat guess say door.",
        "fecha_asignacion": "2024-10-25T12:27:59.900Z"
    }
},
{
    "model": "ejercicio.asignacion",
    "pk": 48,
    "fields": {
        "usuario": 15,
        "tarea": 6,
        "observaciones": "Drive today window black reflect measure cause. Describe year everyone talk democratic page. Hit make these partner director team wife itself.",
        "fecha_asignacion": "2024-10-25T12:27:59.900Z"
    }
},
{
    "model": "ejercicio.asignacion",
    "pk": 49,
    "fields": {
        "usuario": 8,
        "tarea": 1,
        "observaciones": "Health pay receive what. Collection big deal TV page campaign industry.\nMight word treat college. Yet outside assume subject few response however.",
        "fecha_asignacion": "2024-10-25T12:27:59.900Z"
    }
},
{
    "model": "ejercicio.asignacion",
    "pk": 50,
    "fields": {
        "usuario": 13,
        "tarea": 15,
        "observaciones": "Ever poor investment type. Individual might crime I true fear night. Challenge mother election look during six everything.",
        "fecha_asignacion": "2024-10-25T12:27:59.900Z"
    }
},
{
    "model": "ejercicio.asignacion",
    "pk": 51,
    "fields": {
        "usuario": 14,
        "tarea": 7,
        "observaciones": "Heavy loss few history. Car image him. Trial between Mrs listen well whom game dream.",
        "fecha_asignacion": "2024-10-25T12:27:59.900Z"
    }
},
{
    "model": "ejercicio.comentario",
    "pk": 1,
    "fields": {
        "tarea": 5,
        "usuario": 10,
        "contenido": "Door heavy and end. Increase easy commercial structure argue bad everyone. Movie consumer consumer get head idea.\nBeautiful my ask avoid reveal. Art save gun.",
        "fecha_comentario": "2024-10-25T12:27:59.900Z"
    }
},
{
    "model": "ejercicio.comentario",
    "pk": 2,
    "fields": {
        "tarea": 11,
        "usuario": 10,
        "contenido": "Else behind age big grow. Movement class social stock occur detail.\nSpend apply fish play anything analysis own read. Star thing budget shake.",
        "fecha_comentario": "2024-10-25T12:27:59.900Z"
    }
},
{
    "model": "ejercicio.comentario",
    "pk": 3,
    "fields": {
        "tarea": 9,
        "usuario": 6,
        "contenido": "Event author chance particularly provide animal herself. Policy cause operation four medical future. Against none college statement. Religious my speech interest.",
        "fecha_comentario": "2024-10-25T12:27:59.900Z"
    }
},
{
    "model": "ejercicio.comentario",
    "pk": 4,
    "fields": {
        "tarea": 8,
        "usuario": 8,
        "contenido": "Get find some surface. Sit race everyone quickly everybody. Himself magazine involve action.\nCan eye try conference recently enjoy. On husband enjoy child day.",
        "fecha_comentario": "2024-10-25T12:27:59.900Z"
    }
},
{
    "model": "ejercicio.comentario",
    "pk": 5,
    "fields": {
        "tarea": 8,
        "usuario": 9,
        "contenido": "Whose their party relationship. Business boy three nothing religious make soldier. He try main drive least.\nCentury sound cost almost hour sister. College side certain respond voice.",
        "fecha_comentario": "2024-10-25T12:27:59.900Z"
    }
},
{
    "model": "ejercicio.comentario",
    "pk": 6,
    "fields": {
        "tarea": 15,
        "usuario": 15,
        "contenido": "Item kind mouth employee hear yourself better. Candidate act figure ground raise respond art.",
        "fecha_comentario": "2024-10-25T12:27:59.900Z"
    }
},
{
    "model": "ejercicio.comentario",
    "pk": 7,
    "fields": {
        "tarea": 15,
        "usuario": 1,
        "contenido": "Big ten against stay task million. Series my late bad now.\nNeed senior us scene. Force marriage daughter.\nAbout force my bank turn its Congress. Medical important this expert hair choose may.",
        "fecha_comentario": "2024-10-25T12:27:59.900Z"
    }
},
{
    "model": "ejercicio.comentario",
    "pk": 8,
    "fields": {
        "tarea": 9,
        "usuario": 11,
        "contenido": "Pressure before production mind challenge line suggest. Sometimes body up better any dream laugh single. Anyone or fill close ago.",
        "fecha_comentario": "2024-10-25T12:27:59.900Z"
    }
},
{
    "model": "ejercicio.comentario",
    "pk": 9,
    "fields": {
        "tarea": 12,
        "usuario": 2,
        "contenido": "Hope likely material analysis grow. Heavy especially successful development.\nYou street box three blood Republican. I seem people individual. Democrat admit yes tree analysis night.",
        "fecha_comentario": "2024-10-25T12:27:59.900Z"
    }
},
{
    "model": "ejercicio.comentario",
    "pk": 10,
    "fields": {
        "tarea": 2,
        "usuario": 8,
        "contenido": "Significant worker girl practice.\nPick often minute event carry. Four think growth since board son compare avoid. Partner century family attack who measure use return.",
        "fecha_comentario": "2024-10-25T12:27:59.900Z"
    }
},
{
    "model": "ejercicio.comentario",
    "pk": 11,
    "fields": {
        "tarea": 1,
        "usuario": 4,
        "contenido": "Less yourself green you partner help. Those ten key sell individual pattern.",
        "fecha_comentario": "2024-10-25T12:27:59.900Z"
    }
},
{
    "model": "ejercicio.comentario",
    "pk": 12,
    "fields": {
        "tarea": 11,
        "usuario": 9,
        "contenido": "Agency whatever good head American perhaps. Beautiful whether window inside miss tax.\nHappy wear method after laugh reason best determine. Add discover store today serve visit hair.",
        "fecha_comentario": "2024-10-25T12:27:59.900Z"
    }
},
{
    "model": "ejercicio.comentario",
    "pk": 13,
    "fields": {
        "tarea": 3,
        "usuario": 13,
        "contenido": "Everybody win politics. Then quite himself growth team today. Value I clear firm much choice red speak.\nSea establish or about team agency.",
        "fecha_comentario": "2024-10-25T12:27:59.900Z"
    }
},
{
    "model": "ejercicio.comentario",
    "pk": 14,
    "fields": {
        "tarea": 13,
        "usuario": 5,
        "contenido": "Why visit ever reach stuff somebody she. Bad the central walk himself defense staff heart. Child collection order often appear car father out.",
        "fecha_comentario": "2024-10-25T12:27:59.900Z"
    }
},
{
    "model": "ejercicio.comentario",
    "pk": 15,
    "fields": {
        "tarea": 9,
        "usuario": 10,
        "contenido": "Book among central training. Democrat probably bank tax experience.\nWhy at wait land soldier church goal plant. House perhaps threat could authority relate.",
        "fecha_comentario": "2024-10-25T12:27:59.900Z"
    }
}
]
