[
{
    "model": "auth.permission",
    "pk": 1,
    "fields": {
        "name": "Can add log entry",
        "content_type": 1,
        "codename": "add_logentry"
    }
},
{
    "model": "auth.permission",
    "pk": 2,
    "fields": {
        "name": "Can change log entry",
        "content_type": 1,
        "codename": "change_logentry"
    }
},
{
    "model": "auth.permission",
    "pk": 3,
    "fields": {
        "name": "Can delete log entry",
        "content_type": 1,
        "codename": "delete_logentry"
    }
},
{
    "model": "auth.permission",
    "pk": 4,
    "fields": {
        "name": "Can view log entry",
        "content_type": 1,
        "codename": "view_logentry"
    }
},
{
    "model": "auth.permission",
    "pk": 5,
    "fields": {
        "name": "Can add permission",
        "content_type": 2,
        "codename": "add_permission"
    }
},
{
    "model": "auth.permission",
    "pk": 6,
    "fields": {
        "name": "Can change permission",
        "content_type": 2,
        "codename": "change_permission"
    }
},
{
    "model": "auth.permission",
    "pk": 7,
    "fields": {
        "name": "Can delete permission",
        "content_type": 2,
        "codename": "delete_permission"
    }
},
{
    "model": "auth.permission",
    "pk": 8,
    "fields": {
        "name": "Can view permission",
        "content_type": 2,
        "codename": "view_permission"
    }
},
{
    "model": "auth.permission",
    "pk": 9,
    "fields": {
        "name": "Can add group",
        "content_type": 3,
        "codename": "add_group"
    }
},
{
    "model": "auth.permission",
    "pk": 10,
    "fields": {
        "name": "Can change group",
        "content_type": 3,
        "codename": "change_group"
    }
},
{
    "model": "auth.permission",
    "pk": 11,
    "fields": {
        "name": "Can delete group",
        "content_type": 3,
        "codename": "delete_group"
    }
},
{
    "model": "auth.permission",
    "pk": 12,
    "fields": {
        "name": "Can view group",
        "content_type": 3,
        "codename": "view_group"
    }
},
{
    "model": "auth.permission",
    "pk": 13,
    "fields": {
        "name": "Can add user",
        "content_type": 4,
        "codename": "add_user"
    }
},
{
    "model": "auth.permission",
    "pk": 14,
    "fields": {
        "name": "Can change user",
        "content_type": 4,
        "codename": "change_user"
    }
},
{
    "model": "auth.permission",
    "pk": 15,
    "fields": {
        "name": "Can delete user",
        "content_type": 4,
        "codename": "delete_user"
    }
},
{
    "model": "auth.permission",
    "pk": 16,
    "fields": {
        "name": "Can view user",
        "content_type": 4,
        "codename": "view_user"
    }
},
{
    "model": "auth.permission",
    "pk": 17,
    "fields": {
        "name": "Can add content type",
        "content_type": 5,
        "codename": "add_contenttype"
    }
},
{
    "model": "auth.permission",
    "pk": 18,
    "fields": {
        "name": "Can change content type",
        "content_type": 5,
        "codename": "change_contenttype"
    }
},
{
    "model": "auth.permission",
    "pk": 19,
    "fields": {
        "name": "Can delete content type",
        "content_type": 5,
        "codename": "delete_contenttype"
    }
},
{
    "model": "auth.permission",
    "pk": 20,
    "fields": {
        "name": "Can view content type",
        "content_type": 5,
        "codename": "view_contenttype"
    }
},
{
    "model": "auth.permission",
    "pk": 21,
    "fields": {
        "name": "Can add session",
        "content_type": 6,
        "codename": "add_session"
    }
},
{
    "model": "auth.permission",
    "pk": 22,
    "fields": {
        "name": "Can change session",
        "content_type": 6,
        "codename": "change_session"
    }
},
{
    "model": "auth.permission",
    "pk": 23,
    "fields": {
        "name": "Can delete session",
        "content_type": 6,
        "codename": "delete_session"
    }
},
{
    "model": "auth.permission",
    "pk": 24,
    "fields": {
        "name": "Can view session",
        "content_type": 6,
        "codename": "view_session"
    }
},
{
    "model": "auth.permission",
    "pk": 25,
    "fields": {
        "name": "Can add comentario",
        "content_type": 7,
        "codename": "add_comentario"
    }
},
{
    "model": "auth.permission",
    "pk": 26,
    "fields": {
        "name": "Can change comentario",
        "content_type": 7,
        "codename": "change_comentario"
    }
},
{
    "model": "auth.permission",
    "pk": 27,
    "fields": {
        "name": "Can delete comentario",
        "content_type": 7,
        "codename": "delete_comentario"
    }
},
{
    "model": "auth.permission",
    "pk": 28,
    "fields": {
        "name": "Can view comentario",
        "content_type": 7,
        "codename": "view_comentario"
    }
},
{
    "model": "auth.permission",
    "pk": 29,
    "fields": {
        "name": "Can add proyecto",
        "content_type": 8,
        "codename": "add_proyecto"
    }
},
{
    "model": "auth.permission",
    "pk": 30,
    "fields": {
        "name": "Can change proyecto",
        "content_type": 8,
        "codename": "change_proyecto"
    }
},
{
    "model": "auth.permission",
    "pk": 31,
    "fields": {
        "name": "Can delete proyecto",
        "content_type": 8,
        "codename": "delete_proyecto"
    }
},
{
    "model": "auth.permission",
    "pk": 32,
    "fields": {
        "name": "Can view proyecto",
        "content_type": 8,
        "codename": "view_proyecto"
    }
},
{
    "model": "auth.permission",
    "pk": 33,
    "fields": {
        "name": "Can add usuario",
        "content_type": 9,
        "codename": "add_usuario"
    }
},
{
    "model": "auth.permission",
    "pk": 34,
    "fields": {
        "name": "Can change usuario",
        "content_type": 9,
        "codename": "change_usuario"
    }
},
{
    "model": "auth.permission",
    "pk": 35,
    "fields": {
        "name": "Can delete usuario",
        "content_type": 9,
        "codename": "delete_usuario"
    }
},
{
    "model": "auth.permission",
    "pk": 36,
    "fields": {
        "name": "Can view usuario",
        "content_type": 9,
        "codename": "view_usuario"
    }
},
{
    "model": "auth.permission",
    "pk": 37,
    "fields": {
        "name": "Can add tarea",
        "content_type": 10,
        "codename": "add_tarea"
    }
},
{
    "model": "auth.permission",
    "pk": 38,
    "fields": {
        "name": "Can change tarea",
        "content_type": 10,
        "codename": "change_tarea"
    }
},
{
    "model": "auth.permission",
    "pk": 39,
    "fields": {
        "name": "Can delete tarea",
        "content_type": 10,
        "codename": "delete_tarea"
    }
},
{
    "model": "auth.permission",
    "pk": 40,
    "fields": {
        "name": "Can view tarea",
        "content_type": 10,
        "codename": "view_tarea"
    }
},
{
    "model": "auth.permission",
    "pk": 41,
    "fields": {
        "name": "Can add etiqueta",
        "content_type": 11,
        "codename": "add_etiqueta"
    }
},
{
    "model": "auth.permission",
    "pk": 42,
    "fields": {
        "name": "Can change etiqueta",
        "content_type": 11,
        "codename": "change_etiqueta"
    }
},
{
    "model": "auth.permission",
    "pk": 43,
    "fields": {
        "name": "Can delete etiqueta",
        "content_type": 11,
        "codename": "delete_etiqueta"
    }
},
{
    "model": "auth.permission",
    "pk": 44,
    "fields": {
        "name": "Can view etiqueta",
        "content_type": 11,
        "codename": "view_etiqueta"
    }
},
{
    "model": "auth.permission",
    "pk": 45,
    "fields": {
        "name": "Can add asignacion",
        "content_type": 12,
        "codename": "add_asignacion"
    }
},
{
    "model": "auth.permission",
    "pk": 46,
    "fields": {
        "name": "Can change asignacion",
        "content_type": 12,
        "codename": "change_asignacion"
    }
},
{
    "model": "auth.permission",
    "pk": 47,
    "fields": {
        "name": "Can delete asignacion",
        "content_type": 12,
        "codename": "delete_asignacion"
    }
},
{
    "model": "auth.permission",
    "pk": 48,
    "fields": {
        "name": "Can view asignacion",
        "content_type": 12,
        "codename": "view_asignacion"
    }
},
{
    "model": "contenttypes.contenttype",
    "pk": 1,
    "fields": {
        "app_label": "admin",
        "model": "logentry"
    }
},
{
    "model": "contenttypes.contenttype",
    "pk": 2,
    "fields": {
        "app_label": "auth",
        "model": "permission"
    }
},
{
    "model": "contenttypes.contenttype",
    "pk": 3,
    "fields": {
        "app_label": "auth",
        "model": "group"
    }
},
{
    "model": "contenttypes.contenttype",
    "pk": 4,
    "fields": {
        "app_label": "auth",
        "model": "user"
    }
},
{
    "model": "contenttypes.contenttype",
    "pk": 5,
    "fields": {
        "app_label": "contenttypes",
        "model": "contenttype"
    }
},
{
    "model": "contenttypes.contenttype",
    "pk": 6,
    "fields": {
        "app_label": "sessions",
        "model": "session"
    }
},
{
    "model": "contenttypes.contenttype",
    "pk": 7,
    "fields": {
        "app_label": "ejercicio",
        "model": "comentario"
    }
},
{
    "model": "contenttypes.contenttype",
    "pk": 8,
    "fields": {
        "app_label": "ejercicio",
        "model": "proyecto"
    }
},
{
    "model": "contenttypes.contenttype",
    "pk": 9,
    "fields": {
        "app_label": "ejercicio",
        "model": "usuario"
    }
},
{
    "model": "contenttypes.contenttype",
    "pk": 10,
    "fields": {
        "app_label": "ejercicio",
        "model": "tarea"
    }
},
{
    "model": "contenttypes.contenttype",
    "pk": 11,
    "fields": {
        "app_label": "ejercicio",
        "model": "etiqueta"
    }
},
{
    "model": "contenttypes.contenttype",
    "pk": 12,
    "fields": {
        "app_label": "ejercicio",
        "model": "asignacion"
    }
},
{
    "model": "ejercicio.usuario",
    "pk": 1,
    "fields": {
        "nombre": "Back pretty between always.",
        "correo": "ruizrichard@example.org",
        "password": "Listen final add cause.",
        "fecha_registro": "2024-10-10T09:00:12.513Z"
    }
},
{
    "model": "ejercicio.usuario",
    "pk": 2,
    "fields": {
        "nombre": "Recently president medical study.",
        "correo": "shancock@example.net",
        "password": "Gun put why author poor.",
        "fecha_registro": "2024-10-10T09:00:12.513Z"
    }
},
{
    "model": "ejercicio.usuario",
    "pk": 3,
    "fields": {
        "nombre": "Reach international national bank plant economic.",
        "correo": "johnstonryan@example.net",
        "password": "Any energy impact large.",
        "fecha_registro": "2024-10-10T09:00:12.513Z"
    }
},
{
    "model": "ejercicio.usuario",
    "pk": 4,
    "fields": {
        "nombre": "Particular kid base city inside sister.",
        "correo": "jasontaylor@example.com",
        "password": "Lose account soon each.",
        "fecha_registro": "2024-10-10T09:00:12.513Z"
    }
},
{
    "model": "ejercicio.usuario",
    "pk": 5,
    "fields": {
        "nombre": "Group head war figure part. Long week some.",
        "correo": "cherrydaniel@example.org",
        "password": "Outside offer claim compare.",
        "fecha_registro": "2024-10-10T09:00:12.513Z"
    }
},
{
    "model": "ejercicio.usuario",
    "pk": 6,
    "fields": {
        "nombre": "Study street remember such Mr from.",
        "correo": "joanna58@example.net",
        "password": "Glass him beautiful.",
        "fecha_registro": "2024-10-10T09:00:12.513Z"
    }
},
{
    "model": "ejercicio.usuario",
    "pk": 7,
    "fields": {
        "nombre": "Everything fish election weight.",
        "correo": "martinmeghan@example.org",
        "password": "Consider sit act second.",
        "fecha_registro": "2024-10-10T09:00:12.513Z"
    }
},
{
    "model": "ejercicio.usuario",
    "pk": 8,
    "fields": {
        "nombre": "Card with goal. Week campaign teacher heavy.",
        "correo": "ronaldnelson@example.org",
        "password": "Society our difference.",
        "fecha_registro": "2024-10-10T09:00:12.513Z"
    }
},
{
    "model": "ejercicio.usuario",
    "pk": 9,
    "fields": {
        "nombre": "Increase goal trip fish.",
        "correo": "melissajenkins@example.org",
        "password": "Gun group thing behind risk.",
        "fecha_registro": "2024-10-10T09:00:12.513Z"
    }
},
{
    "model": "ejercicio.usuario",
    "pk": 10,
    "fields": {
        "nombre": "Local soon soon the both watch official.",
        "correo": "nelsondenise@example.org",
        "password": "Better pretty soldier.",
        "fecha_registro": "2024-10-10T09:00:12.513Z"
    }
},
{
    "model": "ejercicio.usuario",
    "pk": 11,
    "fields": {
        "nombre": "World issue yard agent.",
        "correo": "franciscosoto@example.com",
        "password": "On clearly season.",
        "fecha_registro": "2024-10-10T09:00:12.513Z"
    }
},
{
    "model": "ejercicio.usuario",
    "pk": 12,
    "fields": {
        "nombre": "Three lawyer very pull all share through build.",
        "correo": "jerrylewis@example.net",
        "password": "Meet guy hand realize.",
        "fecha_registro": "2024-10-10T09:00:12.513Z"
    }
},
{
    "model": "ejercicio.usuario",
    "pk": 13,
    "fields": {
        "nombre": "Hair structure candidate keep book.",
        "correo": "cantrelllaura@example.net",
        "password": "Now budget something stuff.",
        "fecha_registro": "2024-10-10T09:00:12.513Z"
    }
},
{
    "model": "ejercicio.usuario",
    "pk": 14,
    "fields": {
        "nombre": "Yes article glass hundred more yard me.",
        "correo": "iedwards@example.org",
        "password": "Law everybody current deal.",
        "fecha_registro": "2024-10-10T09:00:12.513Z"
    }
},
{
    "model": "ejercicio.usuario",
    "pk": 15,
    "fields": {
        "nombre": "Believe inside edge resource single fear state.",
        "correo": "jwest@example.org",
        "password": "Thank technology future.",
        "fecha_registro": "2024-10-10T09:00:12.513Z"
    }
},
{
    "model": "ejercicio.usuario",
    "pk": 16,
    "fields": {
        "nombre": "Light wear difference half sense use blue dinner.",
        "correo": "colonbradley@example.com",
        "password": "Learn six reveal inside.",
        "fecha_registro": "2024-10-10T09:00:12.513Z"
    }
},
{
    "model": "ejercicio.usuario",
    "pk": 17,
    "fields": {
        "nombre": "New possible amount data almost season by check.",
        "correo": "pbraun@example.org",
        "password": "Few baby factor sort instead.",
        "fecha_registro": "2024-10-10T09:00:12.513Z"
    }
},
{
    "model": "ejercicio.usuario",
    "pk": 18,
    "fields": {
        "nombre": "View myself determine activity.",
        "correo": "thomasedwards@example.net",
        "password": "Total left paper speak.",
        "fecha_registro": "2024-10-10T09:00:12.513Z"
    }
},
{
    "model": "ejercicio.usuario",
    "pk": 19,
    "fields": {
        "nombre": "Hair be two eight money.",
        "correo": "georgetran@example.org",
        "password": "Police ago reach fund.",
        "fecha_registro": "2024-10-10T09:00:12.513Z"
    }
},
{
    "model": "ejercicio.usuario",
    "pk": 20,
    "fields": {
        "nombre": "Election tell future talk eight.",
        "correo": "josewood@example.com",
        "password": "Close available art main.",
        "fecha_registro": "2024-10-10T09:00:12.513Z"
    }
},
{
    "model": "ejercicio.usuario",
    "pk": 21,
    "fields": {
        "nombre": "Talk church have traditional American good sign.",
        "correo": "ppatrick@example.net",
        "password": "Ability show why fund which.",
        "fecha_registro": "2024-10-10T09:00:12.513Z"
    }
},
{
    "model": "ejercicio.usuario",
    "pk": 22,
    "fields": {
        "nombre": "Across wide trade to. Know summer director.",
        "correo": "jarvisjohn@example.com",
        "password": "Board executive property.",
        "fecha_registro": "2024-10-10T09:00:12.513Z"
    }
},
{
    "model": "ejercicio.usuario",
    "pk": 23,
    "fields": {
        "nombre": "Perform agent coach choice brother test.",
        "correo": "patriciaodom@example.com",
        "password": "Work let education.",
        "fecha_registro": "2024-10-10T09:00:12.513Z"
    }
},
{
    "model": "ejercicio.usuario",
    "pk": 24,
    "fields": {
        "nombre": "Carry ok star door bit.",
        "correo": "wwyatt@example.com",
        "password": "Pattern mean war thought how.",
        "fecha_registro": "2024-10-10T09:00:12.513Z"
    }
},
{
    "model": "ejercicio.usuario",
    "pk": 25,
    "fields": {
        "nombre": "American state food believe off of seek.",
        "correo": "ssullivan@example.org",
        "password": "Seven hit sort degree.",
        "fecha_registro": "2024-10-10T09:00:12.513Z"
    }
},
{
    "model": "ejercicio.usuario",
    "pk": 26,
    "fields": {
        "nombre": "Forward including local grow.",
        "correo": "taylorjeffrey@example.org",
        "password": "Whatever save medical.",
        "fecha_registro": "2024-10-10T09:00:12.513Z"
    }
},
{
    "model": "ejercicio.usuario",
    "pk": 27,
    "fields": {
        "nombre": "Social girl know face your east.",
        "correo": "annecobb@example.net",
        "password": "Energy few fall.",
        "fecha_registro": "2024-10-10T09:00:12.513Z"
    }
},
{
    "model": "ejercicio.usuario",
    "pk": 28,
    "fields": {
        "nombre": "Develop threat hospital provide big culture.",
        "correo": "stevenmcguire@example.com",
        "password": "Writer lawyer appear.",
        "fecha_registro": "2024-10-10T09:00:12.513Z"
    }
},
{
    "model": "ejercicio.usuario",
    "pk": 29,
    "fields": {
        "nombre": "Tonight police scientist energy go adult notice.",
        "correo": "dixonjoseph@example.net",
        "password": "Once summer well beautiful.",
        "fecha_registro": "2024-10-10T09:00:12.513Z"
    }
},
{
    "model": "ejercicio.usuario",
    "pk": 30,
    "fields": {
        "nombre": "Attack each Mrs bed specific.",
        "correo": "deborah67@example.net",
        "password": "Treat order toward onto a.",
        "fecha_registro": "2024-10-10T09:00:12.513Z"
    }
},
{
    "model": "ejercicio.proyecto",
    "pk": 1,
    "fields": {
        "nombre": "Person still cause try. Ball issue claim contain.",
        "descripcion": "Gun smile road right. Set machine give land point reveal guy perhaps. Standard this meet can coach not.\nPlant certainly support. Born enter radio whole beyond. Itself relate blood thank piece.",
        "duracion_estimada": 0.4940270080652297,
        "fecha_inicio": "1988-11-11",
        "fecha_finalizacion": "2011-04-07",
        "administrador": 21,
        "colaboradores": [
            24
        ]
    }
},
{
    "model": "ejercicio.proyecto",
    "pk": 2,
    "fields": {
        "nombre": "Might sell book watch.",
        "descripcion": "Wait age medical can from process election. Exist pick person leg center wish. News he pull true dinner.\nIncluding who whose speak.\nGuy half blood woman vote among. Drop huge else.",
        "duracion_estimada": 0.18220601250479318,
        "fecha_inicio": "1982-11-10",
        "fecha_finalizacion": "1985-01-19",
        "administrador": 12,
        "colaboradores": [
            1,
            14,
            20,
            28
        ]
    }
},
{
    "model": "ejercicio.proyecto",
    "pk": 3,
    "fields": {
        "nombre": "Clear wind I spend feeling usually.",
        "descripcion": "Science marriage husband another situation deep identify despite. State in budget before world.\nNear eat Mr choice have report hit.",
        "duracion_estimada": 0.9659609020738291,
        "fecha_inicio": "2022-10-14",
        "fecha_finalizacion": "1976-09-20",
        "administrador": 22,
        "colaboradores": [
            5,
            12,
            17,
            19,
            27,
            29
        ]
    }
},
{
    "model": "ejercicio.proyecto",
    "pk": 4,
    "fields": {
        "nombre": "Author choice red cell everything.",
        "descripcion": "Artist write spend care modern. Plant film music. Church product whether.\nGrowth push ok thank government here. Similar foreign glass finish born.\nManager certain cup animal.",
        "duracion_estimada": 0.8521532439680222,
        "fecha_inicio": "1997-06-11",
        "fecha_finalizacion": "2017-03-06",
        "administrador": 22,
        "colaboradores": [
            1,
            2,
            16,
            26
        ]
    }
},
{
    "model": "ejercicio.proyecto",
    "pk": 5,
    "fields": {
        "nombre": "Forward black quite option.",
        "descripcion": "Inside hope stuff difficult trouble end. However blue prevent big black prove big. Reveal teach me reach Mr may low assume.",
        "duracion_estimada": 0.2840063164025416,
        "fecha_inicio": "1998-05-17",
        "fecha_finalizacion": "1982-09-05",
        "administrador": 13,
        "colaboradores": [
            3,
            5,
            7,
            11,
            19,
            25
        ]
    }
},
{
    "model": "ejercicio.proyecto",
    "pk": 6,
    "fields": {
        "nombre": "Their former crime activity role someone.",
        "descripcion": "Service war under I perform author discover. Quality as save. Fill film century effort alone.\nOffice rise cut various who point expert. Church street say method admit improve seek.",
        "duracion_estimada": 0.9729995636842325,
        "fecha_inicio": "2009-08-26",
        "fecha_finalizacion": "1999-08-11",
        "administrador": 30,
        "colaboradores": [
            4,
            7,
            10,
            25
        ]
    }
},
{
    "model": "ejercicio.proyecto",
    "pk": 7,
    "fields": {
        "nombre": "Want source myself rock positive manager he.",
        "descripcion": "Write than think draw enter memory attention. Must western or. Middle always action no claim run different.",
        "duracion_estimada": 0.44863453569559775,
        "fecha_inicio": "1991-08-25",
        "fecha_finalizacion": "2023-12-09",
        "administrador": 5,
        "colaboradores": [
            4,
            12,
            16,
            18,
            21,
            24
        ]
    }
},
{
    "model": "ejercicio.proyecto",
    "pk": 8,
    "fields": {
        "nombre": "Base dog magazine support. Might act sense.",
        "descripcion": "Everybody increase mouth suffer goal model. No true build behavior water sing. Company arrive technology number word enter myself personal. Final hope outside half.",
        "duracion_estimada": 0.6348154247126225,
        "fecha_inicio": "1989-05-23",
        "fecha_finalizacion": "1992-04-08",
        "administrador": 3,
        "colaboradores": [
            4,
            9,
            14,
            29
        ]
    }
},
{
    "model": "ejercicio.proyecto",
    "pk": 9,
    "fields": {
        "nombre": "School certain how. Anyone ball culture.",
        "descripcion": "Store product concern different garden health rather. Three skin prove statement.",
        "duracion_estimada": 0.9902325807366239,
        "fecha_inicio": "1984-04-12",
        "fecha_finalizacion": "2023-07-23",
        "administrador": 18,
        "colaboradores": [
            1,
            5,
            6,
            14,
            20,
            22
        ]
    }
},
{
    "model": "ejercicio.proyecto",
    "pk": 10,
    "fields": {
        "nombre": "Local show would myself short.",
        "descripcion": "Religious may public inside subject southern shake. Group several box stand. Like popular line.\nAuthority who among mean message under. Experience age change fire. Employee catch head score heart.",
        "duracion_estimada": 0.4265148060281245,
        "fecha_inicio": "1978-04-24",
        "fecha_finalizacion": "1999-06-08",
        "administrador": 19,
        "colaboradores": [
            7,
            17,
            20,
            23
        ]
    }
},
{
    "model": "ejercicio.proyecto",
    "pk": 11,
    "fields": {
        "nombre": "Pull attack whose security media most.",
        "descripcion": "However effect ready sport. Reflect fall since morning produce. Despite bed success scene most share lay.\nFind claim prove pull we beyond dream. Try everything wide.",
        "duracion_estimada": 0.357862746753584,
        "fecha_inicio": "1988-01-25",
        "fecha_finalizacion": "2016-01-10",
        "administrador": 11,
        "colaboradores": [
            9,
            16,
            21
        ]
    }
},
{
    "model": "ejercicio.proyecto",
    "pk": 12,
    "fields": {
        "nombre": "Modern commercial outside close discuss yard.",
        "descripcion": "Nothing Mr family provide movement. Over contain in officer agreement. Us college seat tonight simply.\nNearly others whole two parent. Dark we structure maintain left. Suffer field major national.",
        "duracion_estimada": 0.011761628927910106,
        "fecha_inicio": "1976-12-25",
        "fecha_finalizacion": "1996-11-15",
        "administrador": 3,
        "colaboradores": [
            1,
            2,
            9,
            10,
            15,
            17
        ]
    }
},
{
    "model": "ejercicio.proyecto",
    "pk": 13,
    "fields": {
        "nombre": "President not yes cup line success.",
        "descripcion": "Believe radio sound action. Night choice treat.\nDecision knowledge decade claim organization parent. Ready purpose way series goal that. Century million building.",
        "duracion_estimada": 0.9889526488260334,
        "fecha_inicio": "2018-04-07",
        "fecha_finalizacion": "1994-09-11",
        "administrador": 6,
        "colaboradores": [
            4,
            7,
            14
        ]
    }
},
{
    "model": "ejercicio.proyecto",
    "pk": 14,
    "fields": {
        "nombre": "Small doctor glass nature.",
        "descripcion": "Professor style car exactly whose. Knowledge story local natural here.\nGuess physical everyone bit. Network end time.\nSea door expect full scene. Main during loss peace turn miss.",
        "duracion_estimada": 0.09690783393857438,
        "fecha_inicio": "1974-08-01",
        "fecha_finalizacion": "1980-04-11",
        "administrador": 16,
        "colaboradores": [
            7
        ]
    }
},
{
    "model": "ejercicio.proyecto",
    "pk": 15,
    "fields": {
        "nombre": "Individual radio mission culture involve.",
        "descripcion": "Kind amount right program. Into able approach power husband short. Pressure though tough night two. Key energy heart western the.",
        "duracion_estimada": 0.3270491755948788,
        "fecha_inicio": "2013-09-02",
        "fecha_finalizacion": "2003-06-02",
        "administrador": 3,
        "colaboradores": [
            5,
            15,
            18,
            30
        ]
    }
},
{
    "model": "ejercicio.proyecto",
    "pk": 16,
    "fields": {
        "nombre": "Discussion yeah rock card catch guy star become.",
        "descripcion": "Successful eight kid direction sometimes require religious. Name report usually wish manage picture couple. Everybody spring why perform care.",
        "duracion_estimada": 0.632221016019416,
        "fecha_inicio": "2022-02-07",
        "fecha_finalizacion": "1975-07-21",
        "administrador": 1,
        "colaboradores": [
            3,
            12,
            28,
            29
        ]
    }
},
{
    "model": "ejercicio.proyecto",
    "pk": 17,
    "fields": {
        "nombre": "Box network nation painting.",
        "descripcion": "List beat former. Hold opportunity evening mother business what paper. Interesting close agency price.\nAnswer hour over ok. Understand red base surface civil focus.",
        "duracion_estimada": 0.9251734556028258,
        "fecha_inicio": "1977-01-21",
        "fecha_finalizacion": "2014-12-02",
        "administrador": 21,
        "colaboradores": [
            22,
            26
        ]
    }
},
{
    "model": "ejercicio.proyecto",
    "pk": 18,
    "fields": {
        "nombre": "Media report particular man.",
        "descripcion": "Any material participant wide reach. Economy throughout there much.\nBed development guy not or her Mr value. You across size computer. Big on produce investment certainly.",
        "duracion_estimada": 0.08341833434367119,
        "fecha_inicio": "2009-04-01",
        "fecha_finalizacion": "2007-01-10",
        "administrador": 7,
        "colaboradores": [
            1,
            15,
            16,
            22,
            25,
            27,
            28
        ]
    }
},
{
    "model": "ejercicio.proyecto",
    "pk": 19,
    "fields": {
        "nombre": "View game pass choice decade.",
        "descripcion": "Field may thus. Among possible those by suddenly road.\nSince simple hit. Agreement impact foreign best.\nCitizen country best admit. Heart tend option treatment citizen move as boy.",
        "duracion_estimada": 0.05525697438871768,
        "fecha_inicio": "1981-06-07",
        "fecha_finalizacion": "2008-07-01",
        "administrador": 6,
        "colaboradores": [
            16,
            23,
            26,
            27,
            30
        ]
    }
},
{
    "model": "ejercicio.proyecto",
    "pk": 20,
    "fields": {
        "nombre": "Last away for fight high commercial ask.",
        "descripcion": "Six both present. Decision although high order ten edge add.\nRemember shake prepare teacher head manager. Some speech him last hard establish less. Factor size cup half call.",
        "duracion_estimada": 0.26185468567645087,
        "fecha_inicio": "1993-08-02",
        "fecha_finalizacion": "1994-06-24",
        "administrador": 4,
        "colaboradores": [
            7,
            8,
            12,
            17,
            30
        ]
    }
},
{
    "model": "ejercicio.proyecto",
    "pk": 21,
    "fields": {
        "nombre": "Money box never hour population away.",
        "descripcion": "Similar argue war. Seek by beyond through. Road financial blood coach important world apply.\nPower real radio. Blood claim together father newspaper heart force.",
        "duracion_estimada": 0.3165539273970187,
        "fecha_inicio": "1971-06-14",
        "fecha_finalizacion": "2007-09-10",
        "administrador": 4,
        "colaboradores": [
            15
        ]
    }
},
{
    "model": "ejercicio.proyecto",
    "pk": 22,
    "fields": {
        "nombre": "Show develop about result dog.",
        "descripcion": "Professor military general newspaper become western. Work future tax without common bag. Shake reach language I personal open.\nNot the Congress. Back left people senior soldier meet firm.",
        "duracion_estimada": 0.8842768807391548,
        "fecha_inicio": "1984-07-01",
        "fecha_finalizacion": "1975-03-20",
        "administrador": 28,
        "colaboradores": [
            7
        ]
    }
},
{
    "model": "ejercicio.proyecto",
    "pk": 23,
    "fields": {
        "nombre": "Agency perhaps series explain word off rule.",
        "descripcion": "Last rich bring here area south. Church fear help finish.\nFine key will.\nStop it piece third yourself third career. Current light though add. Reach stop water interview stand father image.",
        "duracion_estimada": 0.18845254956609758,
        "fecha_inicio": "2013-10-07",
        "fecha_finalizacion": "1983-04-18",
        "administrador": 29,
        "colaboradores": [
            1,
            10,
            14
        ]
    }
},
{
    "model": "ejercicio.proyecto",
    "pk": 24,
    "fields": {
        "nombre": "Level free really remember actually produce.",
        "descripcion": "Class choice arm without decide side. Available medical surface hold travel already.\nFocus area best loss herself. Next receive baby lawyer reveal us. Trouble run enough experience open.",
        "duracion_estimada": 0.8183537283705388,
        "fecha_inicio": "2005-08-12",
        "fecha_finalizacion": "2016-10-15",
        "administrador": 3,
        "colaboradores": [
            24,
            25,
            28,
            30
        ]
    }
},
{
    "model": "ejercicio.proyecto",
    "pk": 25,
    "fields": {
        "nombre": "Seven choose recognize red now.",
        "descripcion": "Able think season film do adult despite. Life sense sing let race world.\nScene democratic far government example artist play. Letter theory create Democrat.",
        "duracion_estimada": 0.5213832314308906,
        "fecha_inicio": "1990-05-12",
        "fecha_finalizacion": "1992-03-02",
        "administrador": 22,
        "colaboradores": [
            5,
            7,
            12,
            19,
            24,
            26
        ]
    }
},
{
    "model": "ejercicio.proyecto",
    "pk": 26,
    "fields": {
        "nombre": "Behavior remain white stand name truth.",
        "descripcion": "Middle couple economy those throw without teacher. Check movie two generation.\nCreate standard pull discuss health role. Too quality guy evening process chair company.",
        "duracion_estimada": 0.18293941483802423,
        "fecha_inicio": "1998-07-02",
        "fecha_finalizacion": "2020-09-16",
        "administrador": 12,
        "colaboradores": [
            1,
            5,
            14,
            22,
            30
        ]
    }
},
{
    "model": "ejercicio.proyecto",
    "pk": 27,
    "fields": {
        "nombre": "Big face country who tell federal speech party.",
        "descripcion": "Visit PM bar fly finish only. Agency and wait story factor.\nCondition into population development. Through yeah realize town key strategy.",
        "duracion_estimada": 0.8206554149168838,
        "fecha_inicio": "1983-02-22",
        "fecha_finalizacion": "2005-12-27",
        "administrador": 24,
        "colaboradores": [
            3,
            8,
            15,
            21
        ]
    }
},
{
    "model": "ejercicio.proyecto",
    "pk": 28,
    "fields": {
        "nombre": "Fire environment with pretty.",
        "descripcion": "Consumer seem decide air fast market between. Piece oil me movie. Again position gun area.\nLead that amount ever present range building. Simply keep marriage within. Explain agree growth wait few.",
        "duracion_estimada": 0.9387843714439329,
        "fecha_inicio": "2012-04-01",
        "fecha_finalizacion": "1972-02-29",
        "administrador": 5,
        "colaboradores": [
            1,
            4,
            9,
            11,
            20,
            23
        ]
    }
},
{
    "model": "ejercicio.proyecto",
    "pk": 29,
    "fields": {
        "nombre": "Blood college coach happy serious.",
        "descripcion": "Process save size along. Hospital family sense street law treat drug receive.\nCenter score trip prevent rate former. Beat my else star high American.",
        "duracion_estimada": 0.15087293707722083,
        "fecha_inicio": "1981-11-16",
        "fecha_finalizacion": "1985-09-28",
        "administrador": 11,
        "colaboradores": [
            1,
            14,
            18,
            19,
            23,
            28,
            30
        ]
    }
},
{
    "model": "ejercicio.proyecto",
    "pk": 30,
    "fields": {
        "nombre": "Wide guess within low bit hundred.",
        "descripcion": "Hand family expert several with each. Stop piece population site. Thousand good fight result resource before image.\nEight peace method popular. Young class fear particular.",
        "duracion_estimada": 0.2672848776222495,
        "fecha_inicio": "2024-06-21",
        "fecha_finalizacion": "1989-06-29",
        "administrador": 3,
        "colaboradores": [
            6
        ]
    }
},
{
    "model": "ejercicio.tarea",
    "pk": 1,
    "fields": {
        "titulo": "Player laugh media family walk share.",
        "descripcion": "Walk least whether through. Himself everyone home particular field. Activity expect ready positive.\nSource nation pull experience deep current member. Reveal today their girl within project.",
        "prioridad": 19253,
        "estado": "PE",
        "completada": false,
        "fecha_creacion": "2000-01-03",
        "hora_vencimiento": "08:23:54",
        "creador": 18,
        "proyecto": 18
    }
},
{
    "model": "ejercicio.tarea",
    "pk": 2,
    "fields": {
        "titulo": "Against factor number operation event early sing.",
        "descripcion": "Little key together apply for. Town thought mention movie better. Charge though oil how meet theory.\nList thousand role.\nTrip building safe instead. Nature all expert actually fact hear tonight.",
        "prioridad": 10736,
        "estado": "PE",
        "completada": true,
        "fecha_creacion": "2012-10-13",
        "hora_vencimiento": "21:56:48",
        "creador": 5,
        "proyecto": 25
    }
},
{
    "model": "ejercicio.tarea",
    "pk": 3,
    "fields": {
        "titulo": "Go west able break recently.",
        "descripcion": "Kitchen thousand old teacher small team. Growth security sell less off court. It inside enter half. Subject because stay.\nSafe watch time good good hit. Quite key final range firm fast mention.",
        "prioridad": -14003,
        "estado": "PE",
        "completada": true,
        "fecha_creacion": "2011-04-01",
        "hora_vencimiento": "00:50:19",
        "creador": 20,
        "proyecto": 7
    }
},
{
    "model": "ejercicio.tarea",
    "pk": 4,
    "fields": {
        "titulo": "Again appear realize ability investment life.",
        "descripcion": "Million responsibility describe building anything. Get occur culture PM positive.\nNow though care face medical. Partner people who through Mr than.",
        "prioridad": 24971,
        "estado": "PE",
        "completada": true,
        "fecha_creacion": "1974-08-03",
        "hora_vencimiento": "03:28:12",
        "creador": 2,
        "proyecto": 1
    }
},
{
    "model": "ejercicio.tarea",
    "pk": 5,
    "fields": {
        "titulo": "Us building behind federal accept off support.",
        "descripcion": "Actually remember sign tax lot prepare impact. Book no crime either democratic edge. List newspaper car step dream local. Food question quite.",
        "prioridad": 18089,
        "estado": "PE",
        "completada": false,
        "fecha_creacion": "2023-03-02",
        "hora_vencimiento": "04:56:43",
        "creador": 12,
        "proyecto": 1
    }
},
{
    "model": "ejercicio.tarea",
    "pk": 6,
    "fields": {
        "titulo": "Family think street.",
        "descripcion": "Tough ahead should play term morning.\nOrganization else hour want everyone matter carry. Usually offer fill nation research.\nPaper day imagine coach wear score. Machine bag individual.",
        "prioridad": -26504,
        "estado": "PE",
        "completada": false,
        "fecha_creacion": "1974-09-23",
        "hora_vencimiento": "06:33:26",
        "creador": 17,
        "proyecto": 25
    }
},
{
    "model": "ejercicio.tarea",
    "pk": 7,
    "fields": {
        "titulo": "School trial treat remain respond.",
        "descripcion": "Happy yard book out minute recent into. Else only think center. Two have media TV environment.\nTown staff capital nation money then produce. Himself value use follow.",
        "prioridad": -26702,
        "estado": "PE",
        "completada": false,
        "fecha_creacion": "1989-01-26",
        "hora_vencimiento": "00:57:22",
        "creador": 15,
        "proyecto": 13
    }
},
{
    "model": "ejercicio.tarea",
    "pk": 8,
    "fields": {
        "titulo": "Respond ago method short.",
        "descripcion": "Provide move change attorney. City may so debate. Alone central different what check ten.\nClear take north house. Garden young second our later if red. Among year number send.",
        "prioridad": 10028,
        "estado": "PE",
        "completada": false,
        "fecha_creacion": "1986-12-09",
        "hora_vencimiento": "10:32:39",
        "creador": 22,
        "proyecto": 7
    }
},
{
    "model": "ejercicio.tarea",
    "pk": 9,
    "fields": {
        "titulo": "Back either thousand allow. Full color drug.",
        "descripcion": "Stay report any expert. Time develop tonight part start. Add hand civil heavy.\nSo financial concern director. Election let more two American already dinner. Case information in see reduce.",
        "prioridad": 25228,
        "estado": "PE",
        "completada": true,
        "fecha_creacion": "1979-08-19",
        "hora_vencimiento": "22:45:45",
        "creador": 3,
        "proyecto": 24
    }
},
{
    "model": "ejercicio.tarea",
    "pk": 10,
    "fields": {
        "titulo": "Peace activity month from.",
        "descripcion": "Lot subject test own single. Piece spend spring.\nCulture special data teach finally like democratic. Station respond letter instead. Fill could voice course agent not.",
        "prioridad": -12768,
        "estado": "PE",
        "completada": true,
        "fecha_creacion": "1979-04-06",
        "hora_vencimiento": "23:13:35",
        "creador": 4,
        "proyecto": 11
    }
},
{
    "model": "ejercicio.tarea",
    "pk": 11,
    "fields": {
        "titulo": "Learn still church well watch.",
        "descripcion": "North someone civil yourself. Rise her subject anyone.\nArrive eat wall exist science someone around. Once fall structure economy forward truth support.",
        "prioridad": -28262,
        "estado": "PE",
        "completada": true,
        "fecha_creacion": "1988-02-06",
        "hora_vencimiento": "03:45:43",
        "creador": 22,
        "proyecto": 12
    }
},
{
    "model": "ejercicio.tarea",
    "pk": 12,
    "fields": {
        "titulo": "Election produce wall bring choose.",
        "descripcion": "Thousand most develop figure truth myself message. Now miss training back the image thus.\nBall everybody born easy. Light election as red.",
        "prioridad": -4538,
        "estado": "PE",
        "completada": true,
        "fecha_creacion": "1993-12-17",
        "hora_vencimiento": "03:20:20",
        "creador": 3,
        "proyecto": 15
    }
},
{
    "model": "ejercicio.tarea",
    "pk": 13,
    "fields": {
        "titulo": "Street analysis concern save.",
        "descripcion": "Professional energy almost city. Pattern speech music throughout base head.\nDay create administration begin. Forget term matter address subject former.",
        "prioridad": 22369,
        "estado": "PE",
        "completada": true,
        "fecha_creacion": "1999-06-02",
        "hora_vencimiento": "03:42:42",
        "creador": 17,
        "proyecto": 12
    }
},
{
    "model": "ejercicio.tarea",
    "pk": 14,
    "fields": {
        "titulo": "Drug cup weight crime.",
        "descripcion": "Have wonder through yourself whose. Card want think least price member. Third future smile standard interview.",
        "prioridad": -1389,
        "estado": "PE",
        "completada": false,
        "fecha_creacion": "2009-11-10",
        "hora_vencimiento": "13:25:35",
        "creador": 23,
        "proyecto": 8
    }
},
{
    "model": "ejercicio.tarea",
    "pk": 15,
    "fields": {
        "titulo": "Ready usually build teacher well final.",
        "descripcion": "Those protect young factor challenge beyond.\nEnough religious that let ground take. Task police man rate room hundred. Stay we best consumer difficult I.",
        "prioridad": 13398,
        "estado": "PE",
        "completada": true,
        "fecha_creacion": "2013-10-06",
        "hora_vencimiento": "07:54:42",
        "creador": 20,
        "proyecto": 11
    }
},
{
    "model": "ejercicio.tarea",
    "pk": 16,
    "fields": {
        "titulo": "Hard law who exactly pull.",
        "descripcion": "Can certainly for value blue. Doctor phone store think conference any. Ability entire move oil.",
        "prioridad": 2154,
        "estado": "PE",
        "completada": false,
        "fecha_creacion": "2012-06-08",
        "hora_vencimiento": "15:52:06",
        "creador": 4,
        "proyecto": 11
    }
},
{
    "model": "ejercicio.tarea",
    "pk": 17,
    "fields": {
        "titulo": "Cost receive certainly describe job.",
        "descripcion": "Top majority detail far with under. Federal easy as less.\nChurch compare smile day how he loss.",
        "prioridad": 20949,
        "estado": "PE",
        "completada": false,
        "fecha_creacion": "1995-08-15",
        "hora_vencimiento": "06:47:25",
        "creador": 20,
        "proyecto": 23
    }
},
{
    "model": "ejercicio.tarea",
    "pk": 18,
    "fields": {
        "titulo": "Husband could entire.",
        "descripcion": "Customer charge especially. Talk peace rule. Agreement memory song smile cover.\nImpact same I yet. Personal success stop series tell.",
        "prioridad": 9895,
        "estado": "PE",
        "completada": true,
        "fecha_creacion": "1986-10-27",
        "hora_vencimiento": "00:19:31",
        "creador": 8,
        "proyecto": 25
    }
},
{
    "model": "ejercicio.tarea",
    "pk": 19,
    "fields": {
        "titulo": "Sea team shake authority hot heart.",
        "descripcion": "Team town key. Movie himself left very yard determine floor sign. Sell around take world even. Appear grow author guess experience always.",
        "prioridad": -24281,
        "estado": "PE",
        "completada": true,
        "fecha_creacion": "2005-08-29",
        "hora_vencimiento": "06:33:15",
        "creador": 18,
        "proyecto": 5
    }
},
{
    "model": "ejercicio.tarea",
    "pk": 20,
    "fields": {
        "titulo": "Which upon yet church recognize nearly service.",
        "descripcion": "Imagine dark stop term. Foot control trade clearly cell water stock. Difference organization movement stand.",
        "prioridad": -9911,
        "estado": "PE",
        "completada": false,
        "fecha_creacion": "1981-10-19",
        "hora_vencimiento": "03:20:30",
        "creador": 6,
        "proyecto": 11
    }
},
{
    "model": "ejercicio.tarea",
    "pk": 21,
    "fields": {
        "titulo": "Large cold left participant anything.",
        "descripcion": "Work kind care street. Never class produce beautiful cost outside second. Bill college deep turn rich five ball.\nRecently agency and minute. Peace laugh whose.",
        "prioridad": -11232,
        "estado": "PE",
        "completada": true,
        "fecha_creacion": "2021-02-20",
        "hora_vencimiento": "11:52:44",
        "creador": 7,
        "proyecto": 26
    }
},
{
    "model": "ejercicio.tarea",
    "pk": 22,
    "fields": {
        "titulo": "Peace six truth author special low.",
        "descripcion": "Fine including detail yes. Break factor measure as main young would.\nNothing morning both seat power because policy. Civil project glass benefit. Suddenly camera management.",
        "prioridad": -19859,
        "estado": "PE",
        "completada": false,
        "fecha_creacion": "1991-11-27",
        "hora_vencimiento": "23:12:05",
        "creador": 13,
        "proyecto": 6
    }
},
{
    "model": "ejercicio.tarea",
    "pk": 23,
    "fields": {
        "titulo": "Everyone issue season.",
        "descripcion": "Where mention lot section put under. Year base town may either. We second share these.\nEnvironment understand grow dinner represent type key.",
        "prioridad": 12170,
        "estado": "PE",
        "completada": true,
        "fecha_creacion": "2007-04-13",
        "hora_vencimiento": "16:40:45",
        "creador": 14,
        "proyecto": 4
    }
},
{
    "model": "ejercicio.tarea",
    "pk": 24,
    "fields": {
        "titulo": "Fear word film provide glass shoulder.",
        "descripcion": "Drop power hour artist whole. Charge student next each fight purpose star.\nSignificant I several interview and suffer ask enjoy. Movie television health blood.",
        "prioridad": 22940,
        "estado": "PE",
        "completada": false,
        "fecha_creacion": "1974-11-13",
        "hora_vencimiento": "01:29:33",
        "creador": 23,
        "proyecto": 6
    }
},
{
    "model": "ejercicio.tarea",
    "pk": 25,
    "fields": {
        "titulo": "Area thus Republican deep writer special.",
        "descripcion": "Always inside total concern without. Someone drive bag top way follow arm third. Medical mean interview ten coach city financial movement.",
        "prioridad": 11720,
        "estado": "PE",
        "completada": true,
        "fecha_creacion": "2011-10-31",
        "hora_vencimiento": "19:21:15",
        "creador": 5,
        "proyecto": 24
    }
},
{
    "model": "ejercicio.tarea",
    "pk": 26,
    "fields": {
        "titulo": "Husband before role type compare boy much.",
        "descripcion": "Social mention throughout run open skill tonight. Agency down plan beat protect direction. Care think much drive kid.\nPolicy issue enjoy government in. Myself thus prevent arm.",
        "prioridad": -212,
        "estado": "PE",
        "completada": true,
        "fecha_creacion": "1972-07-17",
        "hora_vencimiento": "12:36:14",
        "creador": 1,
        "proyecto": 30
    }
},
{
    "model": "ejercicio.tarea",
    "pk": 27,
    "fields": {
        "titulo": "Church girl thus as thing.",
        "descripcion": "Agency property road happen she. Parent perform especially media long. Form walk tough cold religious plant.",
        "prioridad": -21009,
        "estado": "PE",
        "completada": true,
        "fecha_creacion": "1997-12-15",
        "hora_vencimiento": "16:23:54",
        "creador": 26,
        "proyecto": 14
    }
},
{
    "model": "ejercicio.tarea",
    "pk": 28,
    "fields": {
        "titulo": "Year total eye weight.",
        "descripcion": "Hour plant everybody low church group. Animal some agency difference point.\nKey school conference within research change. While put finish doctor.",
        "prioridad": -2926,
        "estado": "PE",
        "completada": true,
        "fecha_creacion": "1987-11-21",
        "hora_vencimiento": "10:24:50",
        "creador": 18,
        "proyecto": 13
    }
},
{
    "model": "ejercicio.tarea",
    "pk": 29,
    "fields": {
        "titulo": "Race religious hotel painting.",
        "descripcion": "Four always safe city. Coach start indeed friend once newspaper. Thank reason free structure at.",
        "prioridad": -13159,
        "estado": "PE",
        "completada": false,
        "fecha_creacion": "2003-04-22",
        "hora_vencimiento": "07:08:19",
        "creador": 2,
        "proyecto": 6
    }
},
{
    "model": "ejercicio.tarea",
    "pk": 30,
    "fields": {
        "titulo": "Also half admit financial if point.",
        "descripcion": "News forward stay trial water bank. Front production every page cold player. Along future physical want instead per model. Anything I social oil song.",
        "prioridad": 14641,
        "estado": "PE",
        "completada": true,
        "fecha_creacion": "2005-07-06",
        "hora_vencimiento": "22:34:55",
        "creador": 11,
        "proyecto": 23
    }
},
{
    "model": "ejercicio.etiqueta",
    "pk": 1,
    "fields": {
        "nombre": "Toward big source thought grow continue anyone.",
        "tarea": [
            3,
            5,
            11,
            14,
            22,
            24
        ]
    }
},
{
    "model": "ejercicio.etiqueta",
    "pk": 2,
    "fields": {
        "nombre": "Authority several prove news.",
        "tarea": [
            5,
            10,
            14,
            30
        ]
    }
},
{
    "model": "ejercicio.etiqueta",
    "pk": 3,
    "fields": {
        "nombre": "Take modern system skill.",
        "tarea": [
            1,
            4,
            10,
            15,
            18,
            21
        ]
    }
},
{
    "model": "ejercicio.etiqueta",
    "pk": 4,
    "fields": {
        "nombre": "Anyone law center late leave better.",
        "tarea": [
            2,
            11,
            23
        ]
    }
},
{
    "model": "ejercicio.etiqueta",
    "pk": 5,
    "fields": {
        "nombre": "Check business artist nice authority onto guess.",
        "tarea": [
            9,
            18,
            22
        ]
    }
},
{
    "model": "ejercicio.etiqueta",
    "pk": 6,
    "fields": {
        "nombre": "Trouble pay second citizen figure.",
        "tarea": [
            22
        ]
    }
},
{
    "model": "ejercicio.etiqueta",
    "pk": 7,
    "fields": {
        "nombre": "Policy school trip off name. Federal civil wide.",
        "tarea": [
            1,
            6,
            19,
            20,
            27
        ]
    }
},
{
    "model": "ejercicio.etiqueta",
    "pk": 8,
    "fields": {
        "nombre": "Then difficult benefit officer.",
        "tarea": [
            7,
            12,
            13,
            25,
            26,
            30
        ]
    }
},
{
    "model": "ejercicio.etiqueta",
    "pk": 9,
    "fields": {
        "nombre": "Open school stand.",
        "tarea": [
            1,
            5,
            7,
            8
        ]
    }
},
{
    "model": "ejercicio.etiqueta",
    "pk": 10,
    "fields": {
        "nombre": "Force stuff who energy.",
        "tarea": [
            15,
            19,
            24
        ]
    }
},
{
    "model": "ejercicio.etiqueta",
    "pk": 11,
    "fields": {
        "nombre": "Marriage mind unit plant.",
        "tarea": [
            21,
            23
        ]
    }
},
{
    "model": "ejercicio.etiqueta",
    "pk": 12,
    "fields": {
        "nombre": "Despite size room hour model business matter.",
        "tarea": [
            2,
            14,
            18,
            20
        ]
    }
},
{
    "model": "ejercicio.etiqueta",
    "pk": 13,
    "fields": {
        "nombre": "Place feel discussion tree section half.",
        "tarea": [
            25
        ]
    }
},
{
    "model": "ejercicio.etiqueta",
    "pk": 14,
    "fields": {
        "nombre": "Know reality themselves want science.",
        "tarea": [
            3,
            4,
            13,
            15,
            23,
            24
        ]
    }
},
{
    "model": "ejercicio.etiqueta",
    "pk": 15,
    "fields": {
        "nombre": "Begin small leg evening way.",
        "tarea": [
            7,
            17,
            19,
            20,
            30
        ]
    }
},
{
    "model": "ejercicio.etiqueta",
    "pk": 16,
    "fields": {
        "nombre": "Ok address other man best.",
        "tarea": [
            13
        ]
    }
},
{
    "model": "ejercicio.etiqueta",
    "pk": 17,
    "fields": {
        "nombre": "Stage agree drive dinner. Natural boy create two.",
        "tarea": [
            6,
            8,
            10,
            15,
            23,
            25
        ]
    }
},
{
    "model": "ejercicio.etiqueta",
    "pk": 18,
    "fields": {
        "nombre": "Theory know dream huge ever enter military.",
        "tarea": [
            15,
            18,
            28
        ]
    }
},
{
    "model": "ejercicio.etiqueta",
    "pk": 19,
    "fields": {
        "nombre": "Cup matter minute case want college.",
        "tarea": [
            24,
            25
        ]
    }
},
{
    "model": "ejercicio.etiqueta",
    "pk": 20,
    "fields": {
        "nombre": "Anything season right.",
        "tarea": [
            14,
            25,
            28
        ]
    }
},
{
    "model": "ejercicio.etiqueta",
    "pk": 21,
    "fields": {
        "nombre": "Bed them report question meeting police.",
        "tarea": [
            6,
            15,
            20,
            25
        ]
    }
},
{
    "model": "ejercicio.etiqueta",
    "pk": 22,
    "fields": {
        "nombre": "Pull level light story indeed forward.",
        "tarea": [
            4,
            7,
            11,
            12,
            27
        ]
    }
},
{
    "model": "ejercicio.etiqueta",
    "pk": 23,
    "fields": {
        "nombre": "Teach forward own about really specific.",
        "tarea": [
            1,
            4,
            9,
            13
        ]
    }
},
{
    "model": "ejercicio.etiqueta",
    "pk": 24,
    "fields": {
        "nombre": "Then summer either adult wait rule turn.",
        "tarea": [
            1,
            16
        ]
    }
},
{
    "model": "ejercicio.etiqueta",
    "pk": 25,
    "fields": {
        "nombre": "Try close want star. Our character book.",
        "tarea": [
            8,
            17,
            19,
            21,
            25
        ]
    }
},
{
    "model": "ejercicio.etiqueta",
    "pk": 26,
    "fields": {
        "nombre": "Word red debate but. Discuss as decide home for.",
        "tarea": [
            4,
            10,
            11,
            18
        ]
    }
},
{
    "model": "ejercicio.etiqueta",
    "pk": 27,
    "fields": {
        "nombre": "Money toward add close beautiful number detail.",
        "tarea": [
            3,
            4,
            6,
            10,
            12,
            22,
            23
        ]
    }
},
{
    "model": "ejercicio.etiqueta",
    "pk": 28,
    "fields": {
        "nombre": "Amount window newspaper pay sell.",
        "tarea": [
            1,
            17
        ]
    }
},
{
    "model": "ejercicio.etiqueta",
    "pk": 29,
    "fields": {
        "nombre": "Miss light treat month blood ask respond.",
        "tarea": [
            13,
            18,
            21,
            27
        ]
    }
},
{
    "model": "ejercicio.etiqueta",
    "pk": 30,
    "fields": {
        "nombre": "Force month year value.",
        "tarea": [
            7,
            10,
            12,
            25,
            29
        ]
    }
},
{
    "model": "ejercicio.asignacion",
    "pk": 1,
    "fields": {
        "usuario": 29,
        "tarea": 1,
        "observaciones": "",
        "fecha_asignacion": "2024-10-10T09:00:13.385Z"
    }
},
{
    "model": "ejercicio.asignacion",
    "pk": 2,
    "fields": {
        "usuario": 13,
        "tarea": 1,
        "observaciones": "",
        "fecha_asignacion": "2024-10-10T09:00:13.386Z"
    }
},
{
    "model": "ejercicio.asignacion",
    "pk": 3,
    "fields": {
        "usuario": 17,
        "tarea": 1,
        "observaciones": "",
        "fecha_asignacion": "2024-10-10T09:00:13.388Z"
    }
},
{
    "model": "ejercicio.asignacion",
    "pk": 4,
    "fields": {
        "usuario": 2,
        "tarea": 1,
        "observaciones": "",
        "fecha_asignacion": "2024-10-10T09:00:13.389Z"
    }
},
{
    "model": "ejercicio.asignacion",
    "pk": 5,
    "fields": {
        "usuario": 12,
        "tarea": 2,
        "observaciones": "",
        "fecha_asignacion": "2024-10-10T09:00:13.411Z"
    }
},
{
    "model": "ejercicio.asignacion",
    "pk": 6,
    "fields": {
        "usuario": 16,
        "tarea": 2,
        "observaciones": "",
        "fecha_asignacion": "2024-10-10T09:00:13.415Z"
    }
},
{
    "model": "ejercicio.asignacion",
    "pk": 7,
    "fields": {
        "usuario": 19,
        "tarea": 2,
        "observaciones": "",
        "fecha_asignacion": "2024-10-10T09:00:13.418Z"
    }
},
{
    "model": "ejercicio.asignacion",
    "pk": 8,
    "fields": {
        "usuario": 2,
        "tarea": 2,
        "observaciones": "",
        "fecha_asignacion": "2024-10-10T09:00:13.422Z"
    }
},
{
    "model": "ejercicio.asignacion",
    "pk": 9,
    "fields": {
        "usuario": 29,
        "tarea": 3,
        "observaciones": "",
        "fecha_asignacion": "2024-10-10T09:00:13.438Z"
    }
},
{
    "model": "ejercicio.asignacion",
    "pk": 10,
    "fields": {
        "usuario": 1,
        "tarea": 4,
        "observaciones": "",
        "fecha_asignacion": "2024-10-10T09:00:13.452Z"
    }
},
{
    "model": "ejercicio.asignacion",
    "pk": 11,
    "fields": {
        "usuario": 21,
        "tarea": 4,
        "observaciones": "",
        "fecha_asignacion": "2024-10-10T09:00:13.454Z"
    }
},
{
    "model": "ejercicio.asignacion",
    "pk": 12,
    "fields": {
        "usuario": 25,
        "tarea": 5,
        "observaciones": "",
        "fecha_asignacion": "2024-10-10T09:00:13.474Z"
    }
},
{
    "model": "ejercicio.asignacion",
    "pk": 13,
    "fields": {
        "usuario": 27,
        "tarea": 5,
        "observaciones": "",
        "fecha_asignacion": "2024-10-10T09:00:13.476Z"
    }
},
{
    "model": "ejercicio.asignacion",
    "pk": 14,
    "fields": {
        "usuario": 5,
        "tarea": 5,
        "observaciones": "",
        "fecha_asignacion": "2024-10-10T09:00:13.477Z"
    }
},
{
    "model": "ejercicio.asignacion",
    "pk": 15,
    "fields": {
        "usuario": 19,
        "tarea": 5,
        "observaciones": "",
        "fecha_asignacion": "2024-10-10T09:00:13.479Z"
    }
},
{
    "model": "ejercicio.asignacion",
    "pk": 16,
    "fields": {
        "usuario": 3,
        "tarea": 5,
        "observaciones": "",
        "fecha_asignacion": "2024-10-10T09:00:13.480Z"
    }
},
{
    "model": "ejercicio.asignacion",
    "pk": 17,
    "fields": {
        "usuario": 18,
        "tarea": 5,
        "observaciones": "",
        "fecha_asignacion": "2024-10-10T09:00:13.481Z"
    }
},
{
    "model": "ejercicio.asignacion",
    "pk": 18,
    "fields": {
        "usuario": 2,
        "tarea": 5,
        "observaciones": "",
        "fecha_asignacion": "2024-10-10T09:00:13.483Z"
    }
},
{
    "model": "ejercicio.asignacion",
    "pk": 19,
    "fields": {
        "usuario": 15,
        "tarea": 6,
        "observaciones": "",
        "fecha_asignacion": "2024-10-10T09:00:13.491Z"
    }
},
{
    "model": "ejercicio.asignacion",
    "pk": 20,
    "fields": {
        "usuario": 16,
        "tarea": 7,
        "observaciones": "",
        "fecha_asignacion": "2024-10-10T09:00:13.500Z"
    }
},
{
    "model": "ejercicio.asignacion",
    "pk": 21,
    "fields": {
        "usuario": 6,
        "tarea": 7,
        "observaciones": "",
        "fecha_asignacion": "2024-10-10T09:00:13.501Z"
    }
},
{
    "model": "ejercicio.asignacion",
    "pk": 22,
    "fields": {
        "usuario": 29,
        "tarea": 8,
        "observaciones": "",
        "fecha_asignacion": "2024-10-10T09:00:13.521Z"
    }
},
{
    "model": "ejercicio.asignacion",
    "pk": 23,
    "fields": {
        "usuario": 19,
        "tarea": 8,
        "observaciones": "",
        "fecha_asignacion": "2024-10-10T09:00:13.525Z"
    }
},
{
    "model": "ejercicio.asignacion",
    "pk": 24,
    "fields": {
        "usuario": 16,
        "tarea": 8,
        "observaciones": "",
        "fecha_asignacion": "2024-10-10T09:00:13.528Z"
    }
},
{
    "model": "ejercicio.asignacion",
    "pk": 25,
    "fields": {
        "usuario": 1,
        "tarea": 9,
        "observaciones": "",
        "fecha_asignacion": "2024-10-10T09:00:13.550Z"
    }
},
{
    "model": "ejercicio.asignacion",
    "pk": 26,
    "fields": {
        "usuario": 28,
        "tarea": 9,
        "observaciones": "",
        "fecha_asignacion": "2024-10-10T09:00:13.552Z"
    }
},
{
    "model": "ejercicio.asignacion",
    "pk": 27,
    "fields": {
        "usuario": 27,
        "tarea": 9,
        "observaciones": "",
        "fecha_asignacion": "2024-10-10T09:00:13.554Z"
    }
},
{
    "model": "ejercicio.asignacion",
    "pk": 28,
    "fields": {
        "usuario": 13,
        "tarea": 9,
        "observaciones": "",
        "fecha_asignacion": "2024-10-10T09:00:13.556Z"
    }
},
{
    "model": "ejercicio.asignacion",
    "pk": 29,
    "fields": {
        "usuario": 29,
        "tarea": 9,
        "observaciones": "",
        "fecha_asignacion": "2024-10-10T09:00:13.557Z"
    }
},
{
    "model": "ejercicio.asignacion",
    "pk": 30,
    "fields": {
        "usuario": 20,
        "tarea": 9,
        "observaciones": "",
        "fecha_asignacion": "2024-10-10T09:00:13.559Z"
    }
},
{
    "model": "ejercicio.asignacion",
    "pk": 31,
    "fields": {
        "usuario": 12,
        "tarea": 10,
        "observaciones": "",
        "fecha_asignacion": "2024-10-10T09:00:13.569Z"
    }
},
{
    "model": "ejercicio.asignacion",
    "pk": 32,
    "fields": {
        "usuario": 17,
        "tarea": 10,
        "observaciones": "",
        "fecha_asignacion": "2024-10-10T09:00:13.570Z"
    }
},
{
    "model": "ejercicio.asignacion",
    "pk": 33,
    "fields": {
        "usuario": 6,
        "tarea": 10,
        "observaciones": "",
        "fecha_asignacion": "2024-10-10T09:00:13.571Z"
    }
},
{
    "model": "ejercicio.asignacion",
    "pk": 34,
    "fields": {
        "usuario": 5,
        "tarea": 11,
        "observaciones": "",
        "fecha_asignacion": "2024-10-10T09:00:13.579Z"
    }
},
{
    "model": "ejercicio.asignacion",
    "pk": 35,
    "fields": {
        "usuario": 20,
        "tarea": 12,
        "observaciones": "",
        "fecha_asignacion": "2024-10-10T09:00:13.589Z"
    }
},
{
    "model": "ejercicio.asignacion",
    "pk": 36,
    "fields": {
        "usuario": 26,
        "tarea": 12,
        "observaciones": "",
        "fecha_asignacion": "2024-10-10T09:00:13.590Z"
    }
},
{
    "model": "ejercicio.asignacion",
    "pk": 37,
    "fields": {
        "usuario": 11,
        "tarea": 12,
        "observaciones": "",
        "fecha_asignacion": "2024-10-10T09:00:13.590Z"
    }
},
{
    "model": "ejercicio.asignacion",
    "pk": 38,
    "fields": {
        "usuario": 11,
        "tarea": 13,
        "observaciones": "",
        "fecha_asignacion": "2024-10-10T09:00:13.601Z"
    }
},
{
    "model": "ejercicio.asignacion",
    "pk": 39,
    "fields": {
        "usuario": 28,
        "tarea": 13,
        "observaciones": "",
        "fecha_asignacion": "2024-10-10T09:00:13.601Z"
    }
},
{
    "model": "ejercicio.asignacion",
    "pk": 40,
    "fields": {
        "usuario": 4,
        "tarea": 13,
        "observaciones": "",
        "fecha_asignacion": "2024-10-10T09:00:13.602Z"
    }
},
{
    "model": "ejercicio.asignacion",
    "pk": 41,
    "fields": {
        "usuario": 23,
        "tarea": 13,
        "observaciones": "",
        "fecha_asignacion": "2024-10-10T09:00:13.603Z"
    }
},
{
    "model": "ejercicio.asignacion",
    "pk": 42,
    "fields": {
        "usuario": 12,
        "tarea": 13,
        "observaciones": "",
        "fecha_asignacion": "2024-10-10T09:00:13.604Z"
    }
},
{
    "model": "ejercicio.asignacion",
    "pk": 43,
    "fields": {
        "usuario": 10,
        "tarea": 13,
        "observaciones": "",
        "fecha_asignacion": "2024-10-10T09:00:13.605Z"
    }
},
{
    "model": "ejercicio.asignacion",
    "pk": 44,
    "fields": {
        "usuario": 3,
        "tarea": 14,
        "observaciones": "",
        "fecha_asignacion": "2024-10-10T09:00:13.614Z"
    }
},
{
    "model": "ejercicio.asignacion",
    "pk": 45,
    "fields": {
        "usuario": 16,
        "tarea": 14,
        "observaciones": "",
        "fecha_asignacion": "2024-10-10T09:00:13.614Z"
    }
},
{
    "model": "ejercicio.asignacion",
    "pk": 46,
    "fields": {
        "usuario": 29,
        "tarea": 15,
        "observaciones": "",
        "fecha_asignacion": "2024-10-10T09:00:13.624Z"
    }
},
{
    "model": "ejercicio.asignacion",
    "pk": 47,
    "fields": {
        "usuario": 28,
        "tarea": 15,
        "observaciones": "",
        "fecha_asignacion": "2024-10-10T09:00:13.625Z"
    }
},
{
    "model": "ejercicio.asignacion",
    "pk": 48,
    "fields": {
        "usuario": 5,
        "tarea": 15,
        "observaciones": "",
        "fecha_asignacion": "2024-10-10T09:00:13.625Z"
    }
},
{
    "model": "ejercicio.asignacion",
    "pk": 49,
    "fields": {
        "usuario": 2,
        "tarea": 15,
        "observaciones": "",
        "fecha_asignacion": "2024-10-10T09:00:13.626Z"
    }
},
{
    "model": "ejercicio.asignacion",
    "pk": 50,
    "fields": {
        "usuario": 19,
        "tarea": 16,
        "observaciones": "",
        "fecha_asignacion": "2024-10-10T09:00:13.639Z"
    }
},
{
    "model": "ejercicio.asignacion",
    "pk": 51,
    "fields": {
        "usuario": 9,
        "tarea": 16,
        "observaciones": "",
        "fecha_asignacion": "2024-10-10T09:00:13.640Z"
    }
},
{
    "model": "ejercicio.asignacion",
    "pk": 52,
    "fields": {
        "usuario": 15,
        "tarea": 16,
        "observaciones": "",
        "fecha_asignacion": "2024-10-10T09:00:13.641Z"
    }
},
{
    "model": "ejercicio.asignacion",
    "pk": 53,
    "fields": {
        "usuario": 20,
        "tarea": 16,
        "observaciones": "",
        "fecha_asignacion": "2024-10-10T09:00:13.642Z"
    }
},
{
    "model": "ejercicio.asignacion",
    "pk": 54,
    "fields": {
        "usuario": 24,
        "tarea": 16,
        "observaciones": "",
        "fecha_asignacion": "2024-10-10T09:00:13.643Z"
    }
},
{
    "model": "ejercicio.asignacion",
    "pk": 55,
    "fields": {
        "usuario": 8,
        "tarea": 17,
        "observaciones": "",
        "fecha_asignacion": "2024-10-10T09:00:13.654Z"
    }
},
{
    "model": "ejercicio.asignacion",
    "pk": 56,
    "fields": {
        "usuario": 4,
        "tarea": 17,
        "observaciones": "",
        "fecha_asignacion": "2024-10-10T09:00:13.655Z"
    }
},
{
    "model": "ejercicio.asignacion",
    "pk": 57,
    "fields": {
        "usuario": 25,
        "tarea": 17,
        "observaciones": "",
        "fecha_asignacion": "2024-10-10T09:00:13.655Z"
    }
},
{
    "model": "ejercicio.asignacion",
    "pk": 58,
    "fields": {
        "usuario": 23,
        "tarea": 17,
        "observaciones": "",
        "fecha_asignacion": "2024-10-10T09:00:13.656Z"
    }
},
{
    "model": "ejercicio.asignacion",
    "pk": 59,
    "fields": {
        "usuario": 22,
        "tarea": 17,
        "observaciones": "",
        "fecha_asignacion": "2024-10-10T09:00:13.657Z"
    }
},
{
    "model": "ejercicio.asignacion",
    "pk": 60,
    "fields": {
        "usuario": 6,
        "tarea": 17,
        "observaciones": "",
        "fecha_asignacion": "2024-10-10T09:00:13.658Z"
    }
},
{
    "model": "ejercicio.asignacion",
    "pk": 61,
    "fields": {
        "usuario": 15,
        "tarea": 17,
        "observaciones": "",
        "fecha_asignacion": "2024-10-10T09:00:13.658Z"
    }
},
{
    "model": "ejercicio.asignacion",
    "pk": 62,
    "fields": {
        "usuario": 7,
        "tarea": 18,
        "observaciones": "",
        "fecha_asignacion": "2024-10-10T09:00:13.668Z"
    }
},
{
    "model": "ejercicio.asignacion",
    "pk": 63,
    "fields": {
        "usuario": 17,
        "tarea": 19,
        "observaciones": "",
        "fecha_asignacion": "2024-10-10T09:00:13.679Z"
    }
},
{
    "model": "ejercicio.asignacion",
    "pk": 64,
    "fields": {
        "usuario": 10,
        "tarea": 19,
        "observaciones": "",
        "fecha_asignacion": "2024-10-10T09:00:13.680Z"
    }
},
{
    "model": "ejercicio.asignacion",
    "pk": 65,
    "fields": {
        "usuario": 22,
        "tarea": 19,
        "observaciones": "",
        "fecha_asignacion": "2024-10-10T09:00:13.681Z"
    }
},
{
    "model": "ejercicio.asignacion",
    "pk": 66,
    "fields": {
        "usuario": 19,
        "tarea": 19,
        "observaciones": "",
        "fecha_asignacion": "2024-10-10T09:00:13.681Z"
    }
},
{
    "model": "ejercicio.asignacion",
    "pk": 67,
    "fields": {
        "usuario": 20,
        "tarea": 20,
        "observaciones": "",
        "fecha_asignacion": "2024-10-10T09:00:13.692Z"
    }
},
{
    "model": "ejercicio.asignacion",
    "pk": 68,
    "fields": {
        "usuario": 13,
        "tarea": 20,
        "observaciones": "",
        "fecha_asignacion": "2024-10-10T09:00:13.693Z"
    }
},
{
    "model": "ejercicio.asignacion",
    "pk": 69,
    "fields": {
        "usuario": 19,
        "tarea": 20,
        "observaciones": "",
        "fecha_asignacion": "2024-10-10T09:00:13.694Z"
    }
},
{
    "model": "ejercicio.asignacion",
    "pk": 70,
    "fields": {
        "usuario": 22,
        "tarea": 20,
        "observaciones": "",
        "fecha_asignacion": "2024-10-10T09:00:13.695Z"
    }
},
{
    "model": "ejercicio.asignacion",
    "pk": 71,
    "fields": {
        "usuario": 17,
        "tarea": 20,
        "observaciones": "",
        "fecha_asignacion": "2024-10-10T09:00:13.696Z"
    }
},
{
    "model": "ejercicio.asignacion",
    "pk": 72,
    "fields": {
        "usuario": 3,
        "tarea": 20,
        "observaciones": "",
        "fecha_asignacion": "2024-10-10T09:00:13.696Z"
    }
},
{
    "model": "ejercicio.asignacion",
    "pk": 73,
    "fields": {
        "usuario": 7,
        "tarea": 21,
        "observaciones": "",
        "fecha_asignacion": "2024-10-10T09:00:13.706Z"
    }
},
{
    "model": "ejercicio.asignacion",
    "pk": 74,
    "fields": {
        "usuario": 27,
        "tarea": 21,
        "observaciones": "",
        "fecha_asignacion": "2024-10-10T09:00:13.707Z"
    }
},
{
    "model": "ejercicio.asignacion",
    "pk": 75,
    "fields": {
        "usuario": 23,
        "tarea": 21,
        "observaciones": "",
        "fecha_asignacion": "2024-10-10T09:00:13.708Z"
    }
},
{
    "model": "ejercicio.asignacion",
    "pk": 76,
    "fields": {
        "usuario": 20,
        "tarea": 21,
        "observaciones": "",
        "fecha_asignacion": "2024-10-10T09:00:13.708Z"
    }
},
{
    "model": "ejercicio.asignacion",
    "pk": 77,
    "fields": {
        "usuario": 21,
        "tarea": 21,
        "observaciones": "",
        "fecha_asignacion": "2024-10-10T09:00:13.709Z"
    }
},
{
    "model": "ejercicio.asignacion",
    "pk": 78,
    "fields": {
        "usuario": 20,
        "tarea": 22,
        "observaciones": "",
        "fecha_asignacion": "2024-10-10T09:00:13.725Z"
    }
},
{
    "model": "ejercicio.asignacion",
    "pk": 79,
    "fields": {
        "usuario": 10,
        "tarea": 23,
        "observaciones": "",
        "fecha_asignacion": "2024-10-10T09:00:13.742Z"
    }
},
{
    "model": "ejercicio.asignacion",
    "pk": 80,
    "fields": {
        "usuario": 3,
        "tarea": 23,
        "observaciones": "",
        "fecha_asignacion": "2024-10-10T09:00:13.743Z"
    }
},
{
    "model": "ejercicio.asignacion",
    "pk": 81,
    "fields": {
        "usuario": 16,
        "tarea": 23,
        "observaciones": "",
        "fecha_asignacion": "2024-10-10T09:00:13.744Z"
    }
},
{
    "model": "ejercicio.asignacion",
    "pk": 82,
    "fields": {
        "usuario": 23,
        "tarea": 23,
        "observaciones": "",
        "fecha_asignacion": "2024-10-10T09:00:13.746Z"
    }
},
{
    "model": "ejercicio.asignacion",
    "pk": 83,
    "fields": {
        "usuario": 2,
        "tarea": 23,
        "observaciones": "",
        "fecha_asignacion": "2024-10-10T09:00:13.747Z"
    }
},
{
    "model": "ejercicio.asignacion",
    "pk": 84,
    "fields": {
        "usuario": 20,
        "tarea": 24,
        "observaciones": "",
        "fecha_asignacion": "2024-10-10T09:00:13.757Z"
    }
},
{
    "model": "ejercicio.asignacion",
    "pk": 85,
    "fields": {
        "usuario": 30,
        "tarea": 25,
        "observaciones": "",
        "fecha_asignacion": "2024-10-10T09:00:13.768Z"
    }
},
{
    "model": "ejercicio.asignacion",
    "pk": 86,
    "fields": {
        "usuario": 25,
        "tarea": 25,
        "observaciones": "",
        "fecha_asignacion": "2024-10-10T09:00:13.769Z"
    }
},
{
    "model": "ejercicio.asignacion",
    "pk": 87,
    "fields": {
        "usuario": 27,
        "tarea": 25,
        "observaciones": "",
        "fecha_asignacion": "2024-10-10T09:00:13.770Z"
    }
},
{
    "model": "ejercicio.asignacion",
    "pk": 88,
    "fields": {
        "usuario": 22,
        "tarea": 25,
        "observaciones": "",
        "fecha_asignacion": "2024-10-10T09:00:13.771Z"
    }
},
{
    "model": "ejercicio.asignacion",
    "pk": 89,
    "fields": {
        "usuario": 3,
        "tarea": 25,
        "observaciones": "",
        "fecha_asignacion": "2024-10-10T09:00:13.772Z"
    }
},
{
    "model": "ejercicio.asignacion",
    "pk": 90,
    "fields": {
        "usuario": 4,
        "tarea": 25,
        "observaciones": "",
        "fecha_asignacion": "2024-10-10T09:00:13.772Z"
    }
},
{
    "model": "ejercicio.asignacion",
    "pk": 91,
    "fields": {
        "usuario": 20,
        "tarea": 25,
        "observaciones": "",
        "fecha_asignacion": "2024-10-10T09:00:13.773Z"
    }
},
{
    "model": "ejercicio.asignacion",
    "pk": 92,
    "fields": {
        "usuario": 15,
        "tarea": 26,
        "observaciones": "",
        "fecha_asignacion": "2024-10-10T09:00:13.788Z"
    }
},
{
    "model": "ejercicio.asignacion",
    "pk": 93,
    "fields": {
        "usuario": 17,
        "tarea": 26,
        "observaciones": "",
        "fecha_asignacion": "2024-10-10T09:00:13.790Z"
    }
},
{
    "model": "ejercicio.asignacion",
    "pk": 94,
    "fields": {
        "usuario": 16,
        "tarea": 27,
        "observaciones": "",
        "fecha_asignacion": "2024-10-10T09:00:13.806Z"
    }
},
{
    "model": "ejercicio.asignacion",
    "pk": 95,
    "fields": {
        "usuario": 10,
        "tarea": 27,
        "observaciones": "",
        "fecha_asignacion": "2024-10-10T09:00:13.809Z"
    }
},
{
    "model": "ejercicio.asignacion",
    "pk": 96,
    "fields": {
        "usuario": 7,
        "tarea": 28,
        "observaciones": "",
        "fecha_asignacion": "2024-10-10T09:00:13.829Z"
    }
},
{
    "model": "ejercicio.asignacion",
    "pk": 97,
    "fields": {
        "usuario": 18,
        "tarea": 28,
        "observaciones": "",
        "fecha_asignacion": "2024-10-10T09:00:13.831Z"
    }
},
{
    "model": "ejercicio.asignacion",
    "pk": 98,
    "fields": {
        "usuario": 11,
        "tarea": 28,
        "observaciones": "",
        "fecha_asignacion": "2024-10-10T09:00:13.833Z"
    }
},
{
    "model": "ejercicio.asignacion",
    "pk": 99,
    "fields": {
        "usuario": 27,
        "tarea": 28,
        "observaciones": "",
        "fecha_asignacion": "2024-10-10T09:00:13.835Z"
    }
},
{
    "model": "ejercicio.asignacion",
    "pk": 100,
    "fields": {
        "usuario": 30,
        "tarea": 28,
        "observaciones": "",
        "fecha_asignacion": "2024-10-10T09:00:13.836Z"
    }
},
{
    "model": "ejercicio.asignacion",
    "pk": 101,
    "fields": {
        "usuario": 6,
        "tarea": 28,
        "observaciones": "",
        "fecha_asignacion": "2024-10-10T09:00:13.838Z"
    }
},
{
    "model": "ejercicio.asignacion",
    "pk": 102,
    "fields": {
        "usuario": 22,
        "tarea": 29,
        "observaciones": "",
        "fecha_asignacion": "2024-10-10T09:00:13.850Z"
    }
},
{
    "model": "ejercicio.asignacion",
    "pk": 103,
    "fields": {
        "usuario": 14,
        "tarea": 29,
        "observaciones": "",
        "fecha_asignacion": "2024-10-10T09:00:13.852Z"
    }
},
{
    "model": "ejercicio.asignacion",
    "pk": 104,
    "fields": {
        "usuario": 10,
        "tarea": 29,
        "observaciones": "",
        "fecha_asignacion": "2024-10-10T09:00:13.853Z"
    }
},
{
    "model": "ejercicio.asignacion",
    "pk": 105,
    "fields": {
        "usuario": 9,
        "tarea": 29,
        "observaciones": "",
        "fecha_asignacion": "2024-10-10T09:00:13.855Z"
    }
},
{
    "model": "ejercicio.asignacion",
    "pk": 106,
    "fields": {
        "usuario": 8,
        "tarea": 30,
        "observaciones": "",
        "fecha_asignacion": "2024-10-10T09:00:13.867Z"
    }
},
{
    "model": "ejercicio.asignacion",
    "pk": 107,
    "fields": {
        "usuario": 15,
        "tarea": 30,
        "observaciones": "",
        "fecha_asignacion": "2024-10-10T09:00:13.868Z"
    }
},
{
    "model": "ejercicio.asignacion",
    "pk": 108,
    "fields": {
        "usuario": 23,
        "tarea": 30,
        "observaciones": "",
        "fecha_asignacion": "2024-10-10T09:00:13.869Z"
    }
},
{
    "model": "ejercicio.asignacion",
    "pk": 109,
    "fields": {
        "usuario": 21,
        "tarea": 30,
        "observaciones": "",
        "fecha_asignacion": "2024-10-10T09:00:13.871Z"
    }
},
{
    "model": "ejercicio.asignacion",
    "pk": 110,
    "fields": {
        "usuario": 3,
        "tarea": 1,
        "observaciones": "Accept try start as us local behavior. Continue attorney fish soon.",
        "fecha_asignacion": "2024-10-10T09:00:12.513Z"
    }
},
{
    "model": "ejercicio.asignacion",
    "pk": 111,
    "fields": {
        "usuario": 30,
        "tarea": 6,
        "observaciones": "Tree loss control hit know article. Learn blood customer second project free. About so since everyone.",
        "fecha_asignacion": "2024-10-10T09:00:12.513Z"
    }
},
{
    "model": "ejercicio.asignacion",
    "pk": 112,
    "fields": {
        "usuario": 3,
        "tarea": 21,
        "observaciones": "Possible support she book. Professor event ten every through little quite. Law quite watch per middle about.",
        "fecha_asignacion": "2024-10-10T09:00:12.513Z"
    }
},
{
    "model": "ejercicio.asignacion",
    "pk": 113,
    "fields": {
        "usuario": 12,
        "tarea": 1,
        "observaciones": "Force option chair man. Current may how focus here perhaps generation. Much fine realize medical issue investment around whether.\nWorld trade cold act expert serious energy. Move effect air.",
        "fecha_asignacion": "2024-10-10T09:00:12.513Z"
    }
},
{
    "model": "ejercicio.asignacion",
    "pk": 114,
    "fields": {
        "usuario": 30,
        "tarea": 4,
        "observaciones": "Compare movie particularly place. Bill both brother role evidence heart.\nFinancial present ok catch this street.",
        "fecha_asignacion": "2024-10-10T09:00:12.513Z"
    }
},
{
    "model": "ejercicio.asignacion",
    "pk": 115,
    "fields": {
        "usuario": 4,
        "tarea": 29,
        "observaciones": "Woman talk article hand expect over explain. Course subject back become activity culture work far.\nSituation stay can tax special past trial. List financial can.",
        "fecha_asignacion": "2024-10-10T09:00:12.513Z"
    }
},
{
    "model": "ejercicio.asignacion",
    "pk": 116,
    "fields": {
        "usuario": 8,
        "tarea": 13,
        "observaciones": "Often someone series author everybody idea. Great hard bad bad mean car letter gun.\nGoal painting have difficult. Big politics enter magazine here watch tell since.\nTeach edge after each available.",
        "fecha_asignacion": "2024-10-10T09:00:12.513Z"
    }
},
{
    "model": "ejercicio.asignacion",
    "pk": 117,
    "fields": {
        "usuario": 29,
        "tarea": 19,
        "observaciones": "Low growth especially peace down. Issue media interview wonder history central wind it. Instead film can right enjoy tend gun.",
        "fecha_asignacion": "2024-10-10T09:00:12.513Z"
    }
},
{
    "model": "ejercicio.asignacion",
    "pk": 118,
    "fields": {
        "usuario": 18,
        "tarea": 19,
        "observaciones": "Author direction world station forward. Protect set lot bit stuff. Close white wonder process.",
        "fecha_asignacion": "2024-10-10T09:00:12.513Z"
    }
},
{
    "model": "ejercicio.asignacion",
    "pk": 119,
    "fields": {
        "usuario": 11,
        "tarea": 15,
        "observaciones": "Guess key continue answer bed career figure. Leave claim offer doctor. Drug current world.\nInteresting be stage front effort course. Man food mother politics issue. Material table answer charge.",
        "fecha_asignacion": "2024-10-10T09:00:12.513Z"
    }
},
{
    "model": "ejercicio.asignacion",
    "pk": 120,
    "fields": {
        "usuario": 8,
        "tarea": 17,
        "observaciones": "Enjoy their sister together dinner. Much want turn positive top according.\nAnother course second exactly away. Mr former indeed range million religious memory. Door house concern Mr.",
        "fecha_asignacion": "2024-10-10T09:00:12.513Z"
    }
},
{
    "model": "ejercicio.asignacion",
    "pk": 121,
    "fields": {
        "usuario": 4,
        "tarea": 7,
        "observaciones": "Six yeah member report. Chance best language affect hit.\nQuestion study behavior ability town religious world.",
        "fecha_asignacion": "2024-10-10T09:00:12.513Z"
    }
},
{
    "model": "ejercicio.asignacion",
    "pk": 122,
    "fields": {
        "usuario": 30,
        "tarea": 15,
        "observaciones": "Attack character will create laugh. American visit by trouble there manage. Close method dog later.",
        "fecha_asignacion": "2024-10-10T09:00:12.513Z"
    }
},
{
    "model": "ejercicio.asignacion",
    "pk": 123,
    "fields": {
        "usuario": 2,
        "tarea": 27,
        "observaciones": "Form section teacher concern side. Me population experience live red. Audience campaign shoulder voice article.\nExist huge fish thank candidate purpose tax four.",
        "fecha_asignacion": "2024-10-10T09:00:12.513Z"
    }
},
{
    "model": "ejercicio.asignacion",
    "pk": 124,
    "fields": {
        "usuario": 21,
        "tarea": 10,
        "observaciones": "Identify grow force radio base. Mission letter under few door behind.\nCut amount age establish environment. Clear site American well assume fly. Find single pay father develop third brother.",
        "fecha_asignacion": "2024-10-10T09:00:12.513Z"
    }
},
{
    "model": "ejercicio.asignacion",
    "pk": 125,
    "fields": {
        "usuario": 6,
        "tarea": 3,
        "observaciones": "Indeed page care many simply. Must note pass foot.\nCamera help but traditional the material. Before meeting as us husband blood worry. Place street agent.",
        "fecha_asignacion": "2024-10-10T09:00:12.513Z"
    }
},
{
    "model": "ejercicio.asignacion",
    "pk": 126,
    "fields": {
        "usuario": 20,
        "tarea": 25,
        "observaciones": "Itself mother vote ground now interest. Personal even service prepare lawyer away.\nAllow collection indeed final. Its power offer teach miss. Hair really avoid would eight green.",
        "fecha_asignacion": "2024-10-10T09:00:12.513Z"
    }
},
{
    "model": "ejercicio.asignacion",
    "pk": 127,
    "fields": {
        "usuario": 9,
        "tarea": 23,
        "observaciones": "Adult ago campaign. Pay stuff machine.\nAgree fact art quite marriage clear. Doctor fast or. Class chance culture deep up yard song keep.",
        "fecha_asignacion": "2024-10-10T09:00:12.513Z"
    }
},
{
    "model": "ejercicio.asignacion",
    "pk": 128,
    "fields": {
        "usuario": 30,
        "tarea": 5,
        "observaciones": "Mrs air economy debate foot everybody type economy. Rock seek wait direction his.\nEye growth south. Other approach view traditional. Lose course person vote direction bank short.",
        "fecha_asignacion": "2024-10-10T09:00:12.513Z"
    }
},
{
    "model": "ejercicio.asignacion",
    "pk": 129,
    "fields": {
        "usuario": 22,
        "tarea": 11,
        "observaciones": "Nature natural structure serious. Sound particular born feel cold drive trip.\nWell reach box check. Detail their food message long.",
        "fecha_asignacion": "2024-10-10T09:00:12.513Z"
    }
},
{
    "model": "ejercicio.asignacion",
    "pk": 130,
    "fields": {
        "usuario": 6,
        "tarea": 24,
        "observaciones": "Last high white four each guess hair. Lay account whole Mr film star. Coach authority successful spring few.\nMind community while truth common music visit.",
        "fecha_asignacion": "2024-10-10T09:00:12.513Z"
    }
},
{
    "model": "ejercicio.asignacion",
    "pk": 131,
    "fields": {
        "usuario": 17,
        "tarea": 24,
        "observaciones": "Throughout evidence whose answer product page star. Loss field carry that candidate truth. Purpose their character owner north.",
        "fecha_asignacion": "2024-10-10T09:00:12.513Z"
    }
},
{
    "model": "ejercicio.asignacion",
    "pk": 132,
    "fields": {
        "usuario": 26,
        "tarea": 22,
        "observaciones": "Adult least director position music type yeah. Interview lead cold technology through. Good sign age while short yard.\nReality sister into force herself next. Short believe class himself.",
        "fecha_asignacion": "2024-10-10T09:00:12.513Z"
    }
},
{
    "model": "ejercicio.asignacion",
    "pk": 133,
    "fields": {
        "usuario": 23,
        "tarea": 26,
        "observaciones": "Child professor tonight management. Budget serve against manager cell.\nExpert protect offer cut might make career. Stop while body window in more without change.",
        "fecha_asignacion": "2024-10-10T09:00:12.513Z"
    }
},
{
    "model": "ejercicio.asignacion",
    "pk": 134,
    "fields": {
        "usuario": 8,
        "tarea": 20,
        "observaciones": "Walk toward strong month parent thank. Bad analysis manager should least type machine. Budget true find view low foreign information.",
        "fecha_asignacion": "2024-10-10T09:00:12.513Z"
    }
},
{
    "model": "ejercicio.asignacion",
    "pk": 135,
    "fields": {
        "usuario": 22,
        "tarea": 17,
        "observaciones": "Voice heavy toward clear month. Gas herself city pretty.\nCondition five upon matter including. Debate accept science as somebody political less.",
        "fecha_asignacion": "2024-10-10T09:00:12.513Z"
    }
},
{
    "model": "ejercicio.asignacion",
    "pk": 136,
    "fields": {
        "usuario": 13,
        "tarea": 26,
        "observaciones": "Like nature usually several. Painting care onto want. Reach ball answer fine industry still still young.\nCoach cover either wear land mean. Military loss bag conference. The agent yes purpose stop.",
        "fecha_asignacion": "2024-10-10T09:00:12.513Z"
    }
},
{
    "model": "ejercicio.asignacion",
    "pk": 137,
    "fields": {
        "usuario": 7,
        "tarea": 3,
        "observaciones": "Building claim bill someone left voice community.\nSkin help may moment power.\nOld camera themselves executive window right fine. Seat civil impact second travel evidence figure.",
        "fecha_asignacion": "2024-10-10T09:00:12.513Z"
    }
},
{
    "model": "ejercicio.asignacion",
    "pk": 138,
    "fields": {
        "usuario": 28,
        "tarea": 19,
        "observaciones": "Close PM message miss suffer bad eat most. Final company score yet. Black unit off senior.",
        "fecha_asignacion": "2024-10-10T09:00:12.513Z"
    }
},
{
    "model": "ejercicio.asignacion",
    "pk": 139,
    "fields": {
        "usuario": 22,
        "tarea": 1,
        "observaciones": "Image two present laugh environmental over. Station ok management recent than record.",
        "fecha_asignacion": "2024-10-10T09:00:12.513Z"
    }
},
{
    "model": "ejercicio.comentario",
    "pk": 1,
    "fields": {
        "contenido": "Theory whole model source push. Job production fill safe perhaps.\nTrade body include many in form population discuss.",
        "fecha_comentario": "2024-10-10T09:00:12.513Z"
    }
},
{
    "model": "ejercicio.comentario",
    "pk": 2,
    "fields": {
        "contenido": "A usually they accept. Act develop east somebody side up.\nDaughter listen number page camera thing mind. Provide my discover.\nForm central popular.",
        "fecha_comentario": "2024-10-10T09:00:12.513Z"
    }
},
{
    "model": "ejercicio.comentario",
    "pk": 3,
    "fields": {
        "contenido": "Everything campaign only. Once resource maintain outside prove. Go produce really long education but agency.\nWeek because career network seat yourself program attorney. Receive that dream political.",
        "fecha_comentario": "2024-10-10T09:00:12.513Z"
    }
},
{
    "model": "ejercicio.comentario",
    "pk": 4,
    "fields": {
        "contenido": "Positive play fill seek serious dream. Only growth drive finish. Task recognize owner left.\nOne fast environmental suggest development. Animal they likely goal source keep talk.",
        "fecha_comentario": "2024-10-10T09:00:12.513Z"
    }
},
{
    "model": "ejercicio.comentario",
    "pk": 5,
    "fields": {
        "contenido": "Add fish dog style case pretty growth same. After cup up point occur total store. Or move real write worry institution once.",
        "fecha_comentario": "2024-10-10T09:00:12.513Z"
    }
},
{
    "model": "ejercicio.comentario",
    "pk": 6,
    "fields": {
        "contenido": "Different system if field let seven note. Take including song practice experience suggest.\nLeader song decide scientist measure. Occur yet wide.",
        "fecha_comentario": "2024-10-10T09:00:12.513Z"
    }
},
{
    "model": "ejercicio.comentario",
    "pk": 7,
    "fields": {
        "contenido": "Head bag fill natural bring great meeting. Box article our have. Gun home up camera city finally. Outside quite hold.",
        "fecha_comentario": "2024-10-10T09:00:12.513Z"
    }
},
{
    "model": "ejercicio.comentario",
    "pk": 8,
    "fields": {
        "contenido": "Wish thousand cause despite near type really. Wide leave the.\nHeart market important piece rule.\nMr authority work goal her.",
        "fecha_comentario": "2024-10-10T09:00:12.513Z"
    }
},
{
    "model": "ejercicio.comentario",
    "pk": 9,
    "fields": {
        "contenido": "Art near could material word beautiful. Shake safe writer leave. Address man purpose break cost need study.",
        "fecha_comentario": "2024-10-10T09:00:12.513Z"
    }
},
{
    "model": "ejercicio.comentario",
    "pk": 10,
    "fields": {
        "contenido": "Carry let unit thought detail six operation wrong. Director early represent recent.",
        "fecha_comentario": "2024-10-10T09:00:12.513Z"
    }
},
{
    "model": "ejercicio.comentario",
    "pk": 11,
    "fields": {
        "contenido": "Member rich of season. Party kid people affect. For on technology available drug.\nSite reality task so. History home all whole sing dark do.\nTraining able others game. Bar local see.",
        "fecha_comentario": "2024-10-10T09:00:12.513Z"
    }
},
{
    "model": "ejercicio.comentario",
    "pk": 12,
    "fields": {
        "contenido": "Environmental last Mrs watch push. Political throw economic. Such water over challenge these air dark. Our attention camera phone nature.",
        "fecha_comentario": "2024-10-10T09:00:12.513Z"
    }
},
{
    "model": "ejercicio.comentario",
    "pk": 13,
    "fields": {
        "contenido": "Another guy leader arm. Actually art fast event part tough even. Final world sing I set window quite. Age rest three table know early bed.",
        "fecha_comentario": "2024-10-10T09:00:12.513Z"
    }
},
{
    "model": "ejercicio.comentario",
    "pk": 14,
    "fields": {
        "contenido": "Available last table activity baby guess cover. Audience expect either fight.\nPattern else public situation his continue.",
        "fecha_comentario": "2024-10-10T09:00:12.513Z"
    }
},
{
    "model": "ejercicio.comentario",
    "pk": 15,
    "fields": {
        "contenido": "Form quickly put point surface central with goal. Your three help into.",
        "fecha_comentario": "2024-10-10T09:00:12.513Z"
    }
},
{
    "model": "ejercicio.comentario",
    "pk": 16,
    "fields": {
        "contenido": "Spend eat just institution rule business. Same successful writer authority mission. Election laugh which statement. Glass feeling pass.",
        "fecha_comentario": "2024-10-10T09:00:12.513Z"
    }
},
{
    "model": "ejercicio.comentario",
    "pk": 17,
    "fields": {
        "contenido": "News feeling whether whether. Successful blue five.\nImportant run ok where clear range. Even choose five media simply professional.",
        "fecha_comentario": "2024-10-10T09:00:12.513Z"
    }
},
{
    "model": "ejercicio.comentario",
    "pk": 18,
    "fields": {
        "contenido": "Vote message step behind. Now important only meet dinner TV. Local nearly brother management. Black customer nearly.\nBelieve benefit reveal he control. Either process sound sing finally new blood.",
        "fecha_comentario": "2024-10-10T09:00:12.513Z"
    }
},
{
    "model": "ejercicio.comentario",
    "pk": 19,
    "fields": {
        "contenido": "Support year moment and behavior defense maintain.\nCurrent black parent when story oil factor military. Reality score grow prepare. Cup information team there throw they third.",
        "fecha_comentario": "2024-10-10T09:00:12.513Z"
    }
},
{
    "model": "ejercicio.comentario",
    "pk": 20,
    "fields": {
        "contenido": "Administration if war student almost begin wall. Degree hold name defense be. Fund stuff right within very.\nTime Democrat own by. Experience chair image matter and too mind.",
        "fecha_comentario": "2024-10-10T09:00:12.513Z"
    }
},
{
    "model": "ejercicio.comentario",
    "pk": 21,
    "fields": {
        "contenido": "Home morning big into team across me. Decision somebody available nation. Main financial some language force be stop.\nNumber power skin determine. Hot pull list system sit position.",
        "fecha_comentario": "2024-10-10T09:00:12.513Z"
    }
},
{
    "model": "ejercicio.comentario",
    "pk": 22,
    "fields": {
        "contenido": "Rich study west bill institution public new street. Toward nearly above. Second music box late only send.",
        "fecha_comentario": "2024-10-10T09:00:12.513Z"
    }
},
{
    "model": "ejercicio.comentario",
    "pk": 23,
    "fields": {
        "contenido": "Up recent red assume government. Style whatever claim follow test main.",
        "fecha_comentario": "2024-10-10T09:00:12.513Z"
    }
},
{
    "model": "ejercicio.comentario",
    "pk": 24,
    "fields": {
        "contenido": "Capital television great sister drug. We question any set fish tell thank. Big enough purpose police generation.",
        "fecha_comentario": "2024-10-10T09:00:12.513Z"
    }
},
{
    "model": "ejercicio.comentario",
    "pk": 25,
    "fields": {
        "contenido": "Piece buy always end police. Health difficult and place.\nTo resource ever off should cup. Thousand follow need up team. She strong important partner score among of arm.",
        "fecha_comentario": "2024-10-10T09:00:12.513Z"
    }
},
{
    "model": "ejercicio.comentario",
    "pk": 26,
    "fields": {
        "contenido": "Will discussion strategy go scene. Model daughter night market instead floor.",
        "fecha_comentario": "2024-10-10T09:00:12.513Z"
    }
},
{
    "model": "ejercicio.comentario",
    "pk": 27,
    "fields": {
        "contenido": "Court every color fish another attack. Well involve paper training Congress spring without. Laugh international might.",
        "fecha_comentario": "2024-10-10T09:00:12.513Z"
    }
},
{
    "model": "ejercicio.comentario",
    "pk": 28,
    "fields": {
        "contenido": "Institution yes half spring from consider. Simply officer high look leader thank. Participant rise never picture improve computer.",
        "fecha_comentario": "2024-10-10T09:00:12.513Z"
    }
},
{
    "model": "ejercicio.comentario",
    "pk": 29,
    "fields": {
        "contenido": "Traditional moment federal cultural development act. Especially walk wide analysis language.",
        "fecha_comentario": "2024-10-10T09:00:12.513Z"
    }
},
{
    "model": "ejercicio.comentario",
    "pk": 30,
    "fields": {
        "contenido": "Dinner agreement recognize white large since seat growth. Street reflect east television travel yeah month. Thought help sense contain the shoulder popular past.",
        "fecha_comentario": "2024-10-10T09:00:12.513Z"
    }
}
]
